地點名稱,縣市,行政區,地址,置物櫃位置,置物櫃寬度[公分],置物櫃高度[公分],置物櫃深度[公分],收費方式,收費方式[現金],收費方式[電子票證],收費方式[行動支付],費用金額[新臺幣元],費用[計價單位],置物櫃數量,開放時間[週],開放起始時間[日],開放結束時間[日],開放規定說明,主辦機關,主辦單位,服務廠商,聯絡電話,外觀照片網址,位置圖網址,相關網頁網址,備註
淡水站,新北市,淡水區,中正路1號,北川堂(近出口1),40,58,90,收費,投幣、紙鈔 ,悠遊卡,LINE Pay、悠遊付、台灣Pay、橘子支付、微信支付、Pi拍錢包、歐付寶,20,每小時,18,星期一、星期二、星期三、星期四、星期五、星期六、星期日,00:00:00,23:59:59,"1. 置物櫃嚴禁寄放易腐、易燃及任何危險物品。
2. 置物櫃採計時收費，以1小時為單位，不滿1小時以1小時計。",臺北大眾捷運股份有限公司,商業發展處商管中心,萬洲通國際企業有限公司,02-26415379,https://www.metro.taipei/cp.aspx?n=074C9E96AEC24806,https://www.metro.taipei/cp.aspx?n=074C9E96AEC24806,https://www.metro.taipei/cp.aspx?n=074C9E96AEC24806,
淡水站,新北市,淡水區,中正路1號,北川堂(近出口1),40,34,90,收費,投幣、紙鈔 ,悠遊卡,LINE Pay、悠遊付、台灣Pay、橘子支付、微信支付、Pi拍錢包、歐付寶,10,每小時,45,星期一、星期二、星期三、星期四、星期五、星期六、星期日,00:00:00,23:59:59,"1. 置物櫃嚴禁寄放易腐、易燃及任何危險物品。
2. 置物櫃採計時收費，以1小時為單位，不滿1小時以1小時計。",臺北大眾捷運股份有限公司,商業發展處商管中心,萬洲通國際企業有限公司,02-26415379,https://www.metro.taipei/cp.aspx?n=074C9E96AEC24806,https://www.metro.taipei/cp.aspx?n=074C9E96AEC24806,https://www.metro.taipei/cp.aspx?n=074C9E96AEC24806,
淡水站,新北市,淡水區,中正路1號,南川堂(近出口2),40,88,60,收費,投幣、紙鈔 ,悠遊卡,LINE Pay、悠遊付、台灣Pay、橘子支付、微信支付、Pi拍錢包、歐付寶,20,每小時,24,星期一、星期二、星期三、星期四、星期五、星期六、星期日,00:00:00,23:59:59,"1. 置物櫃嚴禁寄放易腐、易燃及任何危險物品。
2. 置物櫃採計時收費，以1小時為單位，不滿1小時以1小時計。",臺北大眾捷運股份有限公司,商業發展處商管中心,萬洲通國際企業有限公司,02-26415379,https://www.metro.taipei/cp.aspx?n=074C9E96AEC24806,https://www.metro.taipei/cp.aspx?n=074C9E96AEC24806,https://www.metro.taipei/cp.aspx?n=074C9E96AEC24806,
淡水站,新北市,淡水區,中正路1號,南川堂(近出口2),40,34,60,收費,投幣、紙鈔 ,悠遊卡,LINE Pay、悠遊付、台灣Pay、橘子支付、微信支付、Pi拍錢包、歐付寶,10,每小時,24,星期一、星期二、星期三、星期四、星期五、星期六、星期日,00:00:00,23:59:59,"1. 置物櫃嚴禁寄放易腐、易燃及任何危險物品。
2. 置物櫃採計時收費，以1小時為單位，不滿1小時以1小時計。",臺北大眾捷運股份有限公司,商業發展處商管中心,萬洲通國際企業有限公司,02-26415379,https://www.metro.taipei/cp.aspx?n=074C9E96AEC24806,https://www.metro.taipei/cp.aspx?n=074C9E96AEC24806,https://www.metro.taipei/cp.aspx?n=074C9E96AEC24806,
台北車站,臺北市,中正區,忠孝西路1段49號,M3出口往臺鐵無障礙坡道旁,40,88,60,收費,投幣、紙鈔 ,悠遊卡,LINE Pay、悠遊付、台灣Pay、橘子支付、微信支付、Pi拍錢包、歐付寶,20,每小時,40,星期一、星期二、星期三、星期四、星期五、星期六、星期日,06:00:00,23:59:59,"1. 置物櫃嚴禁寄放易腐、易燃及任何危險物品。
2. 置物櫃採計時收費，以1小時為單位，不滿1小時以1小時計。",臺北大眾捷運股份有限公司,商業發展處商管中心,萬洲通國際企業有限公司,02-26415379,https://www.metro.taipei/cp.aspx?n=074C9E96AEC24806,https://www.metro.taipei/cp.aspx?n=074C9E96AEC24806,https://www.metro.taipei/cp.aspx?n=074C9E96AEC24806,
台北車站,臺北市,中正區,忠孝西路1段49號,M3出口往臺鐵無障礙坡道旁,40,58,90,收費,投幣、紙鈔 ,悠遊卡,LINE Pay、悠遊付、台灣Pay、橘子支付、微信支付、Pi拍錢包、歐付寶,20,每小時,30,星期一、星期二、星期三、星期四、星期五、星期六、星期日,06:00:00,23:59:59,"1. 置物櫃嚴禁寄放易腐、易燃及任何危險物品。
2. 置物櫃採計時收費，以1小時為單位，不滿1小時以1小時計。",臺北大眾捷運股份有限公司,商業發展處商管中心,萬洲通國際企業有限公司,02-26415379,https://www.metro.taipei/cp.aspx?n=074C9E96AEC24806,https://www.metro.taipei/cp.aspx?n=074C9E96AEC24806,https://www.metro.taipei/cp.aspx?n=074C9E96AEC24806,
台北車站,臺北市,中正區,忠孝西路1段49號,M3出口往臺鐵無障礙坡道旁,40,34,60,收費,投幣、紙鈔 ,悠遊卡,LINE Pay、悠遊付、台灣Pay、橘子支付、微信支付、Pi拍錢包、歐付寶,10,每小時,10,星期一、星期二、星期三、星期四、星期五、星期六、星期日,06:00:00,23:59:59,"1. 置物櫃嚴禁寄放易腐、易燃及任何危險物品。
2. 置物櫃採計時收費，以1小時為單位，不滿1小時以1小時計。",臺北大眾捷運股份有限公司,商業發展處商管中心,萬洲通國際企業有限公司,02-26415379,https://www.metro.taipei/cp.aspx?n=074C9E96AEC24806,https://www.metro.taipei/cp.aspx?n=074C9E96AEC24806,https://www.metro.taipei/cp.aspx?n=074C9E96AEC24806,
台北車站,臺北市,中正區,忠孝西路1段49號,捷運高鐵連通處,40,88,60,收費,投幣、紙鈔 ,悠遊卡,LINE Pay、悠遊付、台灣Pay、橘子支付、微信支付、Pi拍錢包、歐付寶,20,每小時,8,星期一、星期二、星期三、星期四、星期五、星期六、星期日,06:00:00,23:59:59,"1. 置物櫃嚴禁寄放易腐、易燃及任何危險物品。
2. 置物櫃採計時收費，以1小時為單位，不滿1小時以1小時計。",臺北大眾捷運股份有限公司,商業發展處商管中心,萬洲通國際企業有限公司,02-26415379,https://www.metro.taipei/cp.aspx?n=074C9E96AEC24806,https://www.metro.taipei/cp.aspx?n=074C9E96AEC24806,https://www.metro.taipei/cp.aspx?n=074C9E96AEC24806,
台北車站,臺北市,中正區,忠孝西路1段49號,捷運高鐵連通處,40,34,60,收費,投幣、紙鈔 ,悠遊卡,LINE Pay、悠遊付、台灣Pay、橘子支付、微信支付、Pi拍錢包、歐付寶,10,每小時,20,星期一、星期二、星期三、星期四、星期五、星期六、星期日,06:00:00,23:59:59,"1. 置物櫃嚴禁寄放易腐、易燃及任何危險物品。
2. 置物櫃採計時收費，以1小時為單位，不滿1小時以1小時計。",臺北大眾捷運股份有限公司,商業發展處商管中心,萬洲通國際企業有限公司,02-26415379,https://www.metro.taipei/cp.aspx?n=074C9E96AEC24806,https://www.metro.taipei/cp.aspx?n=074C9E96AEC24806,https://www.metro.taipei/cp.aspx?n=074C9E96AEC24806,
中山地下街,臺北市,大同區,長安西路52-1號捷運地下街南段,中山地下街水景區前(近R1出口),40,56,90,收費,投幣、紙鈔 ,悠遊卡,LINE Pay、悠遊付、台灣Pay、橘子支付、微信支付、Pi拍錢包、歐付寶,20,每小時,102,星期一、星期二、星期三、星期四、星期五、星期六、星期日,06:00:00,23:59:59,"1. 置物櫃嚴禁寄放易腐、易燃及任何危險物品。
2. 置物櫃採計時收費，以1小時為單位，不滿1小時以1小時計。",臺北大眾捷運股份有限公司,商業發展處商管中心,萬洲通國際企業有限公司,02-26415379,https://www.metro.taipei/cp.aspx?n=074C9E96AEC24806,https://www.metro.taipei/cp.aspx?n=074C9E96AEC24806,https://www.metro.taipei/cp.aspx?n=074C9E96AEC24806,
中山地下街,臺北市,大同區,長安西路52-1號捷運地下街南段,中山地下街水景區前(近R1出口),40,32,90,收費,投幣、紙鈔 ,悠遊卡,LINE Pay、悠遊付、台灣Pay、橘子支付、微信支付、Pi拍錢包、歐付寶,10,每小時,112,星期一、星期二、星期三、星期四、星期五、星期六、星期日,06:00:00,23:59:59,"1. 置物櫃嚴禁寄放易腐、易燃及任何危險物品。
2. 置物櫃採計時收費，以1小時為單位，不滿1小時以1小時計。",臺北大眾捷運股份有限公司,商業發展處商管中心,萬洲通國際企業有限公司,02-26415379,https://www.metro.taipei/cp.aspx?n=074C9E96AEC24806,https://www.metro.taipei/cp.aspx?n=074C9E96AEC24806,https://www.metro.taipei/cp.aspx?n=074C9E96AEC24806,
北門站,臺北市,大同區,塔城街10號,機場捷運通道轉角牆面(近台北地下街連通道),40,58,90,收費,投幣、紙鈔 ,悠遊卡,LINE Pay、悠遊付、台灣Pay、橘子支付、微信支付、Pi拍錢包、歐付寶,20,每小時,24,星期一、星期二、星期三、星期四、星期五、星期六、星期日,06:00:00,23:59:59,"1. 置物櫃嚴禁寄放易腐、易燃及任何危險物品。
2. 置物櫃採計時收費，以1小時為單位，不滿1小時以1小時計。",臺北大眾捷運股份有限公司,商業發展處商管中心,萬洲通國際企業有限公司,02-26415379,https://www.metro.taipei/cp.aspx?n=074C9E96AEC24806,https://www.metro.taipei/cp.aspx?n=074C9E96AEC24806,https://www.metro.taipei/cp.aspx?n=074C9E96AEC24806,
東門站,臺北市,大安區,信義路2段166號地下一層,出口5旁走道,40,88,60,收費,投幣、紙鈔 ,悠遊卡,LINE Pay、悠遊付、台灣Pay、橘子支付、微信支付、Pi拍錢包、歐付寶,20,每小時,16,星期一、星期二、星期三、星期四、星期五、星期六、星期日,06:00:00,23:59:59,"1. 置物櫃嚴禁寄放易腐、易燃及任何危險物品。
2. 置物櫃採計時收費，以1小時為單位，不滿1小時以1小時計。",臺北大眾捷運股份有限公司,商業發展處商管中心,萬洲通國際企業有限公司,02-26415379,https://www.metro.taipei/cp.aspx?n=074C9E96AEC24806,https://www.metro.taipei/cp.aspx?n=074C9E96AEC24806,https://www.metro.taipei/cp.aspx?n=074C9E96AEC24806,
東門站,臺北市,大安區,信義路2段166號地下一層,出口5旁走道,40,43,60,收費,投幣、紙鈔 ,悠遊卡,LINE Pay、悠遊付、台灣Pay、橘子支付、微信支付、Pi拍錢包、歐付寶,10,每小時,32,星期一、星期二、星期三、星期四、星期五、星期六、星期日,06:00:00,23:59:59,"1. 置物櫃嚴禁寄放易腐、易燃及任何危險物品。
2. 置物櫃採計時收費，以1小時為單位，不滿1小時以1小時計。",臺北大眾捷運股份有限公司,商業發展處商管中心,萬洲通國際企業有限公司,02-26415379,https://www.metro.taipei/cp.aspx?n=074C9E96AEC24806,https://www.metro.taipei/cp.aspx?n=074C9E96AEC24806,https://www.metro.taipei/cp.aspx?n=074C9E96AEC24806,
西門站,臺北市,中正區,寶慶路32-1號地下1樓,出口2,40,58,90,收費,投幣、紙鈔 ,悠遊卡,LINE Pay、悠遊付、台灣Pay、橘子支付、微信支付、Pi拍錢包、歐付寶,20,每小時,72,星期一、星期二、星期三、星期四、星期五、星期六、星期日,06:00:00,23:59:59,"1. 置物櫃嚴禁寄放易腐、易燃及任何危險物品。
2. 置物櫃採計時收費，以1小時為單位，不滿1小時以1小時計。",臺北大眾捷運股份有限公司,商業發展處商管中心,萬洲通國際企業有限公司,02-26415379,https://www.metro.taipei/cp.aspx?n=074C9E96AEC24806,https://www.metro.taipei/cp.aspx?n=074C9E96AEC24806,https://www.metro.taipei/cp.aspx?n=074C9E96AEC24806,
西門站,臺北市,中正區,寶慶路32-1號地下1樓,出口2,40,34,90,收費,投幣、紙鈔 ,悠遊卡,LINE Pay、悠遊付、台灣Pay、橘子支付、微信支付、Pi拍錢包、歐付寶,10,每小時,40,星期一、星期二、星期三、星期四、星期五、星期六、星期日,06:00:00,23:59:59,"1. 置物櫃嚴禁寄放易腐、易燃及任何危險物品。
2. 置物櫃採計時收費，以1小時為單位，不滿1小時以1小時計。",臺北大眾捷運股份有限公司,商業發展處商管中心,萬洲通國際企業有限公司,02-26415379,https://www.metro.taipei/cp.aspx?n=074C9E96AEC24806,https://www.metro.taipei/cp.aspx?n=074C9E96AEC24806,https://www.metro.taipei/cp.aspx?n=074C9E96AEC24806,
西門站,臺北市,中正區,寶慶路32-1號地下1樓,出口5,40,88,60,收費,投幣、紙鈔 ,悠遊卡,LINE Pay、悠遊付、台灣Pay、橘子支付、微信支付、Pi拍錢包、歐付寶,20,每小時,8,星期一、星期二、星期三、星期四、星期五、星期六、星期日,06:00:00,23:59:59,"1. 置物櫃嚴禁寄放易腐、易燃及任何危險物品。
2. 置物櫃採計時收費，以1小時為單位，不滿1小時以1小時計。",臺北大眾捷運股份有限公司,商業發展處商管中心,萬洲通國際企業有限公司,02-26415379,https://www.metro.taipei/cp.aspx?n=074C9E96AEC24806,https://www.metro.taipei/cp.aspx?n=074C9E96AEC24806,https://www.metro.taipei/cp.aspx?n=074C9E96AEC24806,
西門站,臺北市,中正區,寶慶路32-1號地下1樓,出口5,40,58,60,收費,投幣、紙鈔 ,悠遊卡,LINE Pay、悠遊付、台灣Pay、橘子支付、微信支付、Pi拍錢包、歐付寶,20,每小時,18,星期一、星期二、星期三、星期四、星期五、星期六、星期日,06:00:00,23:59:59,"1. 置物櫃嚴禁寄放易腐、易燃及任何危險物品。
2. 置物櫃採計時收費，以1小時為單位，不滿1小時以1小時計。",臺北大眾捷運股份有限公司,商業發展處商管中心,萬洲通國際企業有限公司,02-26415379,https://www.metro.taipei/cp.aspx?n=074C9E96AEC24806,https://www.metro.taipei/cp.aspx?n=074C9E96AEC24806,https://www.metro.taipei/cp.aspx?n=074C9E96AEC24806,
西門站,臺北市,中正區,寶慶路32-1號地下1樓,出口5,40,34,60,收費,投幣、紙鈔 ,悠遊卡,LINE Pay、悠遊付、台灣Pay、橘子支付、微信支付、Pi拍錢包、歐付寶,10,每小時,28,星期一、星期二、星期三、星期四、星期五、星期六、星期日,06:00:00,23:59:59,"1. 置物櫃嚴禁寄放易腐、易燃及任何危險物品。
2. 置物櫃採計時收費，以1小時為單位，不滿1小時以1小時計。",臺北大眾捷運股份有限公司,商業發展處商管中心,萬洲通國際企業有限公司,02-26415379,https://www.metro.taipei/cp.aspx?n=074C9E96AEC24806,https://www.metro.taipei/cp.aspx?n=074C9E96AEC24806,https://www.metro.taipei/cp.aspx?n=074C9E96AEC24806,
台北101/世貿站,臺北市,信義區,信義路5段20號,出口4之轉接層通道,40,88,60,收費,投幣、紙鈔 ,悠遊卡,LINE Pay、悠遊付、台灣Pay、橘子支付、微信支付、Pi拍錢包、歐付寶,20,每小時,4,星期一、星期二、星期三、星期四、星期五、星期六、星期日,06:00:00,23:59:59,"1. 置物櫃嚴禁寄放易腐、易燃及任何危險物品。
2. 置物櫃採計時收費，以1小時為單位，不滿1小時以1小時計。",臺北大眾捷運股份有限公司,商業發展處商管中心,萬洲通國際企業有限公司,02-26415379,https://www.metro.taipei/cp.aspx?n=074C9E96AEC24806,https://www.metro.taipei/cp.aspx?n=074C9E96AEC24806,https://www.metro.taipei/cp.aspx?n=074C9E96AEC24806,
台北101/世貿站,臺北市,信義區,信義路5段20號,出口4之轉接層通道,40,58,90,收費,投幣、紙鈔 ,悠遊卡,LINE Pay、悠遊付、台灣Pay、橘子支付、微信支付、Pi拍錢包、歐付寶,20,每小時,12,星期一、星期二、星期三、星期四、星期五、星期六、星期日,06:00:00,23:59:59,"1. 置物櫃嚴禁寄放易腐、易燃及任何危險物品。
2. 置物櫃採計時收費，以1小時為單位，不滿1小時以1小時計。",臺北大眾捷運股份有限公司,商業發展處商管中心,萬洲通國際企業有限公司,02-26415379,https://www.metro.taipei/cp.aspx?n=074C9E96AEC24806,https://www.metro.taipei/cp.aspx?n=074C9E96AEC24806,https://www.metro.taipei/cp.aspx?n=074C9E96AEC24806,
台北101/世貿站,臺北市,信義區,信義路5段20號,出口4之轉接層通道,40,43,60,收費,投幣、紙鈔 ,悠遊卡,LINE Pay、悠遊付、台灣Pay、橘子支付、微信支付、Pi拍錢包、歐付寶,10,每小時,16,星期一、星期二、星期三、星期四、星期五、星期六、星期日,06:00:00,23:59:59,"1. 置物櫃嚴禁寄放易腐、易燃及任何危險物品。
2. 置物櫃採計時收費，以1小時為單位，不滿1小時以1小時計。",臺北大眾捷運股份有限公司,商業發展處商管中心,萬洲通國際企業有限公司,02-26415379,https://www.metro.taipei/cp.aspx?n=074C9E96AEC24806,https://www.metro.taipei/cp.aspx?n=074C9E96AEC24806,https://www.metro.taipei/cp.aspx?n=074C9E96AEC24806,
台北101/世貿站,臺北市,信義區,信義路5段20號,出口2,40,88,60,收費,投幣、紙鈔 ,悠遊卡,LINE Pay、悠遊付、台灣Pay、橘子支付、微信支付、Pi拍錢包、歐付寶,20,每小時,8,星期一、星期二、星期三、星期四、星期五、星期六、星期日,06:00:00,23:59:59,"1. 置物櫃嚴禁寄放易腐、易燃及任何危險物品。
2. 置物櫃採計時收費，以1小時為單位，不滿1小時以1小時計。",臺北大眾捷運股份有限公司,商業發展處商管中心,萬洲通國際企業有限公司,02-26415379,https://www.metro.taipei/cp.aspx?n=074C9E96AEC24806,https://www.metro.taipei/cp.aspx?n=074C9E96AEC24806,https://www.metro.taipei/cp.aspx?n=074C9E96AEC24806,
台北101/世貿站,臺北市,信義區,信義路5段20號,出口2,40,34,60,收費,投幣、紙鈔 ,悠遊卡,LINE Pay、悠遊付、台灣Pay、橘子支付、微信支付、Pi拍錢包、歐付寶,10,每小時,10,星期一、星期二、星期三、星期四、星期五、星期六、星期日,06:00:00,23:59:59,"1. 置物櫃嚴禁寄放易腐、易燃及任何危險物品。
2. 置物櫃採計時收費，以1小時為單位，不滿1小時以1小時計。",臺北大眾捷運股份有限公司,商業發展處商管中心,萬洲通國際企業有限公司,02-26415379,https://www.metro.taipei/cp.aspx?n=074C9E96AEC24806,https://www.metro.taipei/cp.aspx?n=074C9E96AEC24806,https://www.metro.taipei/cp.aspx?n=074C9E96AEC24806,
三重站,新北市,三重區,捷運路36號地下一層,出口1,40,34,90,收費,投幣、紙鈔 ,悠遊卡,LINE Pay、悠遊付、台灣Pay、橘子支付、微信支付、Pi拍錢包、歐付寶,10,每小時,20,星期一、星期二、星期三、星期四、星期五、星期六、星期日,06:00:00,23:59:59,"1. 置物櫃嚴禁寄放易腐、易燃及任何危險物品。
2. 置物櫃採計時收費，以1小時為單位，不滿1小時以1小時計。",臺北大眾捷運股份有限公司,商業發展處商管中心,萬洲通國際企業有限公司,02-26415379,https://www.metro.taipei/cp.aspx?n=074C9E96AEC24806,https://www.metro.taipei/cp.aspx?n=074C9E96AEC24806,https://www.metro.taipei/cp.aspx?n=074C9E96AEC24806,
北投站,臺北市,北投區,光明路1號,車站大廳層,40,58,90,收費,投幣、紙鈔 ,悠遊卡,LINE Pay、悠遊付、台灣Pay、橘子支付、微信支付、Pi拍錢包、歐付寶,20,每小時,4,星期一、星期二、星期三、星期四、星期五、星期六、星期日,06:00:00,23:59:59,"1. 置物櫃嚴禁寄放易腐、易燃及任何危險物品。
2. 置物櫃採計時收費，以1小時為單位，不滿1小時以1小時計。",臺北大眾捷運股份有限公司,商業發展處商管中心,萬洲通國際企業有限公司,02-26415379,https://www.metro.taipei/cp.aspx?n=074C9E96AEC24806,https://www.metro.taipei/cp.aspx?n=074C9E96AEC24806,https://www.metro.taipei/cp.aspx?n=074C9E96AEC24806,
北投站,臺北市,北投區,光明路1號,車站大廳層,40,34,90,收費,投幣、紙鈔 ,悠遊卡,LINE Pay、悠遊付、台灣Pay、橘子支付、微信支付、Pi拍錢包、歐付寶,10,每小時,8,星期一、星期二、星期三、星期四、星期五、星期六、星期日,06:00:00,23:59:59,"1. 置物櫃嚴禁寄放易腐、易燃及任何危險物品。
2. 置物櫃採計時收費，以1小時為單位，不滿1小時以1小時計。",臺北大眾捷運股份有限公司,商業發展處商管中心,萬洲通國際企業有限公司,02-26415379,https://www.metro.taipei/cp.aspx?n=074C9E96AEC24806,https://www.metro.taipei/cp.aspx?n=074C9E96AEC24806,https://www.metro.taipei/cp.aspx?n=074C9E96AEC24806,
新北投站,臺北市,北投區,大業路700號,車站大廳層,40,88,60,收費,投幣、紙鈔 ,悠遊卡,LINE Pay、悠遊付、台灣Pay、橘子支付、微信支付、Pi拍錢包、歐付寶,20,每小時,12,星期一、星期二、星期三、星期四、星期五、星期六、星期日,06:00:00,23:59:59,"1. 置物櫃嚴禁寄放易腐、易燃及任何危險物品。
2. 置物櫃採計時收費，以1小時為單位，不滿1小時以1小時計。",臺北大眾捷運股份有限公司,商業發展處商管中心,萬洲通國際企業有限公司,02-26415379,https://www.metro.taipei/cp.aspx?n=074C9E96AEC24806,https://www.metro.taipei/cp.aspx?n=074C9E96AEC24806,https://www.metro.taipei/cp.aspx?n=074C9E96AEC24806,
新北投站,臺北市,北投區,大業路700號,車站大廳層,40,43,60,收費,投幣、紙鈔 ,悠遊卡,LINE Pay、悠遊付、台灣Pay、橘子支付、微信支付、Pi拍錢包、歐付寶,10,每小時,32,星期一、星期二、星期三、星期四、星期五、星期六、星期日,06:00:00,23:59:59,"1. 置物櫃嚴禁寄放易腐、易燃及任何危險物品。
2. 置物櫃採計時收費，以1小時為單位，不滿1小時以1小時計。",臺北大眾捷運股份有限公司,商業發展處商管中心,萬洲通國際企業有限公司,02-26415379,https://www.metro.taipei/cp.aspx?n=074C9E96AEC24806,https://www.metro.taipei/cp.aspx?n=074C9E96AEC24806,https://www.metro.taipei/cp.aspx?n=074C9E96AEC24806,
士林站,臺北市,士林區,福德路1號,近出口1,40,88,60,收費,投幣、紙鈔 ,悠遊卡,LINE Pay、悠遊付、台灣Pay、橘子支付、微信支付、Pi拍錢包、歐付寶,20,每小時,20,星期一、星期二、星期三、星期四、星期五、星期六、星期日,06:00:00,23:59:59,"1. 置物櫃嚴禁寄放易腐、易燃及任何危險物品。
2. 置物櫃採計時收費，以1小時為單位，不滿1小時以1小時計。",臺北大眾捷運股份有限公司,商業發展處商管中心,萬洲通國際企業有限公司,02-26415379,https://www.metro.taipei/cp.aspx?n=074C9E96AEC24806,https://www.metro.taipei/cp.aspx?n=074C9E96AEC24806,https://www.metro.taipei/cp.aspx?n=074C9E96AEC24806,
士林站,臺北市,士林區,福德路1號,近出口1,40,43,60,收費,投幣、紙鈔 ,悠遊卡,LINE Pay、悠遊付、台灣Pay、橘子支付、微信支付、Pi拍錢包、歐付寶,10,每小時,8,星期一、星期二、星期三、星期四、星期五、星期六、星期日,06:00:00,23:59:59,"1. 置物櫃嚴禁寄放易腐、易燃及任何危險物品。
2. 置物櫃採計時收費，以1小時為單位，不滿1小時以1小時計。",臺北大眾捷運股份有限公司,商業發展處商管中心,萬洲通國際企業有限公司,02-26415379,https://www.metro.taipei/cp.aspx?n=074C9E96AEC24806,https://www.metro.taipei/cp.aspx?n=074C9E96AEC24806,https://www.metro.taipei/cp.aspx?n=074C9E96AEC24806,
士林站,臺北市,士林區,福德路1號,近出口1,40,34,60,收費,投幣、紙鈔 ,悠遊卡,LINE Pay、悠遊付、台灣Pay、橘子支付、微信支付、Pi拍錢包、歐付寶,10,每小時,15,星期一、星期二、星期三、星期四、星期五、星期六、星期日,06:00:00,23:59:59,"1. 置物櫃嚴禁寄放易腐、易燃及任何危險物品。
2. 置物櫃採計時收費，以1小時為單位，不滿1小時以1小時計。",臺北大眾捷運股份有限公司,商業發展處商管中心,萬洲通國際企業有限公司,02-26415379,https://www.metro.taipei/cp.aspx?n=074C9E96AEC24806,https://www.metro.taipei/cp.aspx?n=074C9E96AEC24806,https://www.metro.taipei/cp.aspx?n=074C9E96AEC24806,
劍潭,臺北市,士林區,中山北路5段65號,近出口1,40,88,60,收費,投幣、紙鈔 ,悠遊卡,LINE Pay、悠遊付、台灣Pay、橘子支付、微信支付、Pi拍錢包、歐付寶,20,每小時,32,星期一、星期二、星期三、星期四、星期五、星期六、星期日,06:00:00,23:59:59,"1. 置物櫃嚴禁寄放易腐、易燃及任何危險物品。
2. 置物櫃採計時收費，以1小時為單位，不滿1小時以1小時計。",臺北大眾捷運股份有限公司,商業發展處商管中心,萬洲通國際企業有限公司,02-26415379,https://www.metro.taipei/cp.aspx?n=074C9E96AEC24806,https://www.metro.taipei/cp.aspx?n=074C9E96AEC24806,https://www.metro.taipei/cp.aspx?n=074C9E96AEC24806,
劍潭,臺北市,士林區,中山北路5段65號,近出口1,40,43,60,收費,投幣、紙鈔 ,悠遊卡,LINE Pay、悠遊付、台灣Pay、橘子支付、微信支付、Pi拍錢包、歐付寶,10,每小時,16,星期一、星期二、星期三、星期四、星期五、星期六、星期日,06:00:00,23:59:59,"1. 置物櫃嚴禁寄放易腐、易燃及任何危險物品。
2. 置物櫃採計時收費，以1小時為單位，不滿1小時以1小時計。",臺北大眾捷運股份有限公司,商業發展處商管中心,萬洲通國際企業有限公司,02-26415379,https://www.metro.taipei/cp.aspx?n=074C9E96AEC24806,https://www.metro.taipei/cp.aspx?n=074C9E96AEC24806,https://www.metro.taipei/cp.aspx?n=074C9E96AEC24806,
劍潭,臺北市,士林區,中山北路5段65號,近出口1,40,34,60,收費,投幣、紙鈔 ,悠遊卡,LINE Pay、悠遊付、台灣Pay、橘子支付、微信支付、Pi拍錢包、歐付寶,10,每小時,30,星期一、星期二、星期三、星期四、星期五、星期六、星期日,06:00:00,23:59:59,"1. 置物櫃嚴禁寄放易腐、易燃及任何危險物品。
2. 置物櫃採計時收費，以1小時為單位，不滿1小時以1小時計。",臺北大眾捷運股份有限公司,商業發展處商管中心,萬洲通國際企業有限公司,02-26415379,https://www.metro.taipei/cp.aspx?n=074C9E96AEC24806,https://www.metro.taipei/cp.aspx?n=074C9E96AEC24806,https://www.metro.taipei/cp.aspx?n=074C9E96AEC24806,
圓山,臺北市,士林區,酒泉街9-1號,近出口2,40,88,60,收費,投幣、紙鈔 ,悠遊卡,LINE Pay、悠遊付、台灣Pay、橘子支付、微信支付、Pi拍錢包、歐付寶,20,每小時,24,星期一、星期二、星期三、星期四、星期五、星期六、星期日,06:00:00,23:59:59,"1. 置物櫃嚴禁寄放易腐、易燃及任何危險物品。
2. 置物櫃採計時收費，以1小時為單位，不滿1小時以1小時計。",臺北大眾捷運股份有限公司,商業發展處商管中心,萬洲通國際企業有限公司,02-26415379,https://www.metro.taipei/cp.aspx?n=074C9E96AEC24806,https://www.metro.taipei/cp.aspx?n=074C9E96AEC24806,https://www.metro.taipei/cp.aspx?n=074C9E96AEC24806,
圓山,臺北市,士林區,酒泉街9-1號,近出口2,40,43,60,收費,投幣、紙鈔 ,悠遊卡,LINE Pay、悠遊付、台灣Pay、橘子支付、微信支付、Pi拍錢包、歐付寶,10,每小時,32,星期一、星期二、星期三、星期四、星期五、星期六、星期日,06:00:00,23:59:59,"1. 置物櫃嚴禁寄放易腐、易燃及任何危險物品。
2. 置物櫃採計時收費，以1小時為單位，不滿1小時以1小時計。",臺北大眾捷運股份有限公司,商業發展處商管中心,萬洲通國際企業有限公司,02-26415379,https://www.metro.taipei/cp.aspx?n=074C9E96AEC24806,https://www.metro.taipei/cp.aspx?n=074C9E96AEC24806,https://www.metro.taipei/cp.aspx?n=074C9E96AEC24806,
中正紀念堂站,臺北市,中正區,羅斯福路1段8-1號,近出口6,40,58,60,收費,投幣、紙鈔 ,悠遊卡,LINE Pay、悠遊付、台灣Pay、橘子支付、微信支付、Pi拍錢包、歐付寶,20,每小時,4,星期一、星期二、星期三、星期四、星期五、星期六、星期日,06:00:00,23:59:59,"1. 置物櫃嚴禁寄放易腐、易燃及任何危險物品。
2. 置物櫃採計時收費，以1小時為單位，不滿1小時以1小時計。",臺北大眾捷運股份有限公司,商業發展處商管中心,萬洲通國際企業有限公司,02-26415379,https://www.metro.taipei/cp.aspx?n=074C9E96AEC24806,https://www.metro.taipei/cp.aspx?n=074C9E96AEC24806,https://www.metro.taipei/cp.aspx?n=074C9E96AEC24806,
中正紀念堂站,臺北市,中正區,羅斯福路1段8-1號,近出口6,40,43,60,收費,投幣、紙鈔 ,悠遊卡,LINE Pay、悠遊付、台灣Pay、橘子支付、微信支付、Pi拍錢包、歐付寶,10,每小時,16,星期一、星期二、星期三、星期四、星期五、星期六、星期日,06:00:00,23:59:59,"1. 置物櫃嚴禁寄放易腐、易燃及任何危險物品。
2. 置物櫃採計時收費，以1小時為單位，不滿1小時以1小時計。",臺北大眾捷運股份有限公司,商業發展處商管中心,萬洲通國際企業有限公司,02-26415379,https://www.metro.taipei/cp.aspx?n=074C9E96AEC24806,https://www.metro.taipei/cp.aspx?n=074C9E96AEC24806,https://www.metro.taipei/cp.aspx?n=074C9E96AEC24806,
公館站,臺北市,中正區,羅斯福路4段74號,近出口2,40,88,60,收費,投幣、紙鈔 ,悠遊卡,LINE Pay、悠遊付、台灣Pay、橘子支付、微信支付、Pi拍錢包、歐付寶,20,每小時,8,星期一、星期二、星期三、星期四、星期五、星期六、星期日,06:00:00,23:59:59,"1. 置物櫃嚴禁寄放易腐、易燃及任何危險物品。
2. 置物櫃採計時收費，以1小時為單位，不滿1小時以1小時計。",臺北大眾捷運股份有限公司,商業發展處商管中心,萬洲通國際企業有限公司,02-26415379,https://www.metro.taipei/cp.aspx?n=074C9E96AEC24806,https://www.metro.taipei/cp.aspx?n=074C9E96AEC24806,https://www.metro.taipei/cp.aspx?n=074C9E96AEC24806,
公館站,臺北市,中正區,羅斯福路4段74號,近出口2,40,43,60,收費,投幣、紙鈔 ,悠遊卡,LINE Pay、悠遊付、台灣Pay、橘子支付、微信支付、Pi拍錢包、歐付寶,10,每小時,16,星期一、星期二、星期三、星期四、星期五、星期六、星期日,06:00:00,23:59:59,"1. 置物櫃嚴禁寄放易腐、易燃及任何危險物品。
2. 置物櫃採計時收費，以1小時為單位，不滿1小時以1小時計。",臺北大眾捷運股份有限公司,商業發展處商管中心,萬洲通國際企業有限公司,02-26415379,https://www.metro.taipei/cp.aspx?n=074C9E96AEC24806,https://www.metro.taipei/cp.aspx?n=074C9E96AEC24806,https://www.metro.taipei/cp.aspx?n=074C9E96AEC24806,
新店站,新北市,新店區,北宜路1段2號 ,車站大廳層,40,88,60,收費,投幣、紙鈔 ,悠遊卡,LINE Pay、悠遊付、台灣Pay、橘子支付、微信支付、Pi拍錢包、歐付寶,20,每小時,4,星期一、星期二、星期三、星期四、星期五、星期六、星期日,06:00:00,23:59:59,"1. 置物櫃嚴禁寄放易腐、易燃及任何危險物品。
2. 置物櫃採計時收費，以1小時為單位，不滿1小時以1小時計。",臺北大眾捷運股份有限公司,商業發展處商管中心,萬洲通國際企業有限公司,02-26415379,https://www.metro.taipei/cp.aspx?n=074C9E96AEC24806,https://www.metro.taipei/cp.aspx?n=074C9E96AEC24806,https://www.metro.taipei/cp.aspx?n=074C9E96AEC24806,
新店站,新北市,新店區,北宜路1段2號 ,車站大廳層,40,43,60,收費,投幣、紙鈔 ,悠遊卡,LINE Pay、悠遊付、台灣Pay、橘子支付、微信支付、Pi拍錢包、歐付寶,10,每小時,8,星期一、星期二、星期三、星期四、星期五、星期六、星期日,06:00:00,23:59:59,"1. 置物櫃嚴禁寄放易腐、易燃及任何危險物品。
2. 置物櫃採計時收費，以1小時為單位，不滿1小時以1小時計。",臺北大眾捷運股份有限公司,商業發展處商管中心,萬洲通國際企業有限公司,02-26415379,https://www.metro.taipei/cp.aspx?n=074C9E96AEC24806,https://www.metro.taipei/cp.aspx?n=074C9E96AEC24806,https://www.metro.taipei/cp.aspx?n=074C9E96AEC24806,
大安森林公園站,臺北市,大安區,信義路3段100號地下一層,近出口5,40,88,60,收費,投幣、紙鈔 ,悠遊卡,LINE Pay、悠遊付、台灣Pay、橘子支付、微信支付、Pi拍錢包、歐付寶,20,每小時,4,星期一、星期二、星期三、星期四、星期五、星期六、星期日,06:00:00,23:59:59,"1. 置物櫃嚴禁寄放易腐、易燃及任何危險物品。
2. 置物櫃採計時收費，以1小時為單位，不滿1小時以1小時計。",臺北大眾捷運股份有限公司,商業發展處商管中心,萬洲通國際企業有限公司,02-26415379,https://www.metro.taipei/cp.aspx?n=074C9E96AEC24806,https://www.metro.taipei/cp.aspx?n=074C9E96AEC24806,https://www.metro.taipei/cp.aspx?n=074C9E96AEC24806,
大安森林公園站,臺北市,大安區,信義路3段100號地下一層,近出口5,40,43,60,收費,投幣、紙鈔 ,悠遊卡,LINE Pay、悠遊付、台灣Pay、橘子支付、微信支付、Pi拍錢包、歐付寶,10,每小時,16,星期一、星期二、星期三、星期四、星期五、星期六、星期日,06:00:00,23:59:59,"1. 置物櫃嚴禁寄放易腐、易燃及任何危險物品。
2. 置物櫃採計時收費，以1小時為單位，不滿1小時以1小時計。",臺北大眾捷運股份有限公司,商業發展處商管中心,萬洲通國際企業有限公司,02-26415379,https://www.metro.taipei/cp.aspx?n=074C9E96AEC24806,https://www.metro.taipei/cp.aspx?n=074C9E96AEC24806,https://www.metro.taipei/cp.aspx?n=074C9E96AEC24806,
國父紀念館站,臺北市,信義區,忠孝東路4段400號,近出口2,40,58,90,收費,投幣、紙鈔 ,悠遊卡,LINE Pay、悠遊付、台灣Pay、橘子支付、微信支付、Pi拍錢包、歐付寶,20,每小時,8,星期一、星期二、星期三、星期四、星期五、星期六、星期日,06:00:00,23:59:59,"1. 置物櫃嚴禁寄放易腐、易燃及任何危險物品。
2. 置物櫃採計時收費，以1小時為單位，不滿1小時以1小時計。",臺北大眾捷運股份有限公司,商業發展處商管中心,萬洲通國際企業有限公司,02-26415379,https://www.metro.taipei/cp.aspx?n=074C9E96AEC24806,https://www.metro.taipei/cp.aspx?n=074C9E96AEC24806,https://www.metro.taipei/cp.aspx?n=074C9E96AEC24806,
國父紀念館站,臺北市,信義區,忠孝東路4段400號,近出口2,40,34,90,收費,投幣、紙鈔 ,悠遊卡,LINE Pay、悠遊付、台灣Pay、橘子支付、微信支付、Pi拍錢包、歐付寶,10,每小時,24,星期一、星期二、星期三、星期四、星期五、星期六、星期日,06:00:00,23:59:59,"1. 置物櫃嚴禁寄放易腐、易燃及任何危險物品。
2. 置物櫃採計時收費，以1小時為單位，不滿1小時以1小時計。",臺北大眾捷運股份有限公司,商業發展處商管中心,萬洲通國際企業有限公司,02-26415379,https://www.metro.taipei/cp.aspx?n=074C9E96AEC24806,https://www.metro.taipei/cp.aspx?n=074C9E96AEC24806,https://www.metro.taipei/cp.aspx?n=074C9E96AEC24806,
松山站,臺北市,松山區,八德路4段742號,近出口5,40,88,60,收費,投幣、紙鈔 ,悠遊卡,LINE Pay、悠遊付、台灣Pay、橘子支付、微信支付、Pi拍錢包、歐付寶,20,每小時,8,星期一、星期二、星期三、星期四、星期五、星期六、星期日,06:00:00,23:59:59,"1. 置物櫃嚴禁寄放易腐、易燃及任何危險物品。
2. 置物櫃採計時收費，以1小時為單位，不滿1小時以1小時計。",臺北大眾捷運股份有限公司,商業發展處商管中心,萬洲通國際企業有限公司,02-26415379,https://www.metro.taipei/cp.aspx?n=074C9E96AEC24806,https://www.metro.taipei/cp.aspx?n=074C9E96AEC24806,https://www.metro.taipei/cp.aspx?n=074C9E96AEC24806,
松山站,臺北市,松山區,八德路4段742號,近出口5,40,43,60,收費,投幣、紙鈔 ,悠遊卡,LINE Pay、悠遊付、台灣Pay、橘子支付、微信支付、Pi拍錢包、歐付寶,10,每小時,16,星期一、星期二、星期三、星期四、星期五、星期六、星期日,06:00:00,23:59:59,"1. 置物櫃嚴禁寄放易腐、易燃及任何危險物品。
2. 置物櫃採計時收費，以1小時為單位，不滿1小時以1小時計。",臺北大眾捷運股份有限公司,商業發展處商管中心,萬洲通國際企業有限公司,02-26415379,https://www.metro.taipei/cp.aspx?n=074C9E96AEC24806,https://www.metro.taipei/cp.aspx?n=074C9E96AEC24806,https://www.metro.taipei/cp.aspx?n=074C9E96AEC24806,
東區地下街,臺北市,大安區,大安路1段77號地下街,近出口14,40,88,60,收費,投幣、紙鈔 ,悠遊卡,LINE Pay、悠遊付、台灣Pay、橘子支付、微信支付、Pi拍錢包、歐付寶,20,每小時,12,星期一、星期二、星期三、星期四、星期五、星期六、星期日,06:00:00,23:59:59,"1. 置物櫃嚴禁寄放易腐、易燃及任何危險物品。
2. 置物櫃採計時收費，以1小時為單位，不滿1小時以1小時計。",臺北大眾捷運股份有限公司,商業發展處商管中心,萬洲通國際企業有限公司,02-26415379,https://www.metro.taipei/cp.aspx?n=074C9E96AEC24806,https://www.metro.taipei/cp.aspx?n=074C9E96AEC24806,https://www.metro.taipei/cp.aspx?n=074C9E96AEC24806,
東區地下街,臺北市,大安區,大安路1段77號地下街,近出口14,40,43,60,收費,投幣、紙鈔 ,悠遊卡,LINE Pay、悠遊付、台灣Pay、橘子支付、微信支付、Pi拍錢包、歐付寶,10,每小時,24,星期一、星期二、星期三、星期四、星期五、星期六、星期日,06:00:00,23:59:59,"1. 置物櫃嚴禁寄放易腐、易燃及任何危險物品。
2. 置物櫃採計時收費，以1小時為單位，不滿1小時以1小時計。",臺北大眾捷運股份有限公司,商業發展處商管中心,萬洲通國際企業有限公司,02-26415379,https://www.metro.taipei/cp.aspx?n=074C9E96AEC24806,https://www.metro.taipei/cp.aspx?n=074C9E96AEC24806,https://www.metro.taipei/cp.aspx?n=074C9E96AEC24806,
板橋站,新北市,板橋區,站前路5號地下一層,通道層近3A出口,40,88,60,收費,投幣、紙鈔 ,悠遊卡,LINE Pay、悠遊付、台灣Pay、橘子支付、微信支付、Pi拍錢包、歐付寶,20,每小時,12,星期一、星期二、星期三、星期四、星期五、星期六、星期日,06:00:00,23:59:59,"1. 置物櫃嚴禁寄放易腐、易燃及任何危險物品。
2. 置物櫃採計時收費，以1小時為單位，不滿1小時以1小時計。",臺北大眾捷運股份有限公司,商業發展處商管中心,萬洲通國際企業有限公司,02-26415379,https://www.metro.taipei/cp.aspx?n=074C9E96AEC24806,https://www.metro.taipei/cp.aspx?n=074C9E96AEC24806,https://www.metro.taipei/cp.aspx?n=074C9E96AEC24806,
板橋站,新北市,板橋區,站前路5號地下一層,通道層近3A出口,40,34,60,收費,投幣、紙鈔 ,悠遊卡,LINE Pay、悠遊付、台灣Pay、橘子支付、微信支付、Pi拍錢包、歐付寶,10,每小時,20,星期一、星期二、星期三、星期四、星期五、星期六、星期日,06:00:00,23:59:59,"1. 置物櫃嚴禁寄放易腐、易燃及任何危險物品。
2. 置物櫃採計時收費，以1小時為單位，不滿1小時以1小時計。",臺北大眾捷運股份有限公司,商業發展處商管中心,萬洲通國際企業有限公司,02-26415379,https://www.metro.taipei/cp.aspx?n=074C9E96AEC24806,https://www.metro.taipei/cp.aspx?n=074C9E96AEC24806,https://www.metro.taipei/cp.aspx?n=074C9E96AEC24806,
忠孝復興站,臺北市,大安區,忠孝東路3段302號,3F文湖線大廳層,40,58,90,收費,投幣、紙鈔 ,悠遊卡,LINE Pay、悠遊付、台灣Pay、橘子支付、微信支付、Pi拍錢包、歐付寶,20,每小時,18,星期一、星期二、星期三、星期四、星期五、星期六、星期日,06:00:00,23:59:59,"1. 置物櫃嚴禁寄放易腐、易燃及任何危險物品。
2. 置物櫃採計時收費，以1小時為單位，不滿1小時以1小時計。",臺北大眾捷運股份有限公司,商業發展處商管中心,萬洲通國際企業有限公司,02-26415379,https://www.metro.taipei/cp.aspx?n=074C9E96AEC24806,https://www.metro.taipei/cp.aspx?n=074C9E96AEC24806,https://www.metro.taipei/cp.aspx?n=074C9E96AEC24806,
忠孝復興站,臺北市,大安區,忠孝東路3段302號,3F文湖線大廳層,40,34,60,收費,投幣、紙鈔 ,悠遊卡,LINE Pay、悠遊付、台灣Pay、橘子支付、微信支付、Pi拍錢包、歐付寶,10,每小時,10,星期一、星期二、星期三、星期四、星期五、星期六、星期日,06:00:00,23:59:59,"1. 置物櫃嚴禁寄放易腐、易燃及任何危險物品。
2. 置物櫃採計時收費，以1小時為單位，不滿1小時以1小時計。",臺北大眾捷運股份有限公司,商業發展處商管中心,萬洲通國際企業有限公司,02-26415379,https://www.metro.taipei/cp.aspx?n=074C9E96AEC24806,https://www.metro.taipei/cp.aspx?n=074C9E96AEC24806,https://www.metro.taipei/cp.aspx?n=074C9E96AEC24806,
南港展覽館站,臺北市,南港區,研究院路1段1號,出口2A,40,88,60,收費,投幣、紙鈔 ,悠遊卡,LINE Pay、悠遊付、台灣Pay、橘子支付、微信支付、Pi拍錢包、歐付寶,20,每小時,20,星期一、星期二、星期三、星期四、星期五、星期六、星期日,06:00:00,23:59:59,"1. 置物櫃嚴禁寄放易腐、易燃及任何危險物品。
2. 置物櫃採計時收費，以1小時為單位，不滿1小時以1小時計。",臺北大眾捷運股份有限公司,商業發展處商管中心,萬洲通國際企業有限公司,02-26415379,https://www.metro.taipei/cp.aspx?n=074C9E96AEC24806,https://www.metro.taipei/cp.aspx?n=074C9E96AEC24806,https://www.metro.taipei/cp.aspx?n=074C9E96AEC24806,
南港展覽館站,臺北市,南港區,研究院路1段1號,出口2A,40,34,60,收費,投幣、紙鈔 ,悠遊卡,LINE Pay、悠遊付、台灣Pay、橘子支付、微信支付、Pi拍錢包、歐付寶,10,每小時,30,星期一、星期二、星期三、星期四、星期五、星期六、星期日,06:00:00,23:59:59,"1. 置物櫃嚴禁寄放易腐、易燃及任何危險物品。
2. 置物櫃採計時收費，以1小時為單位，不滿1小時以1小時計。",臺北大眾捷運股份有限公司,商業發展處商管中心,萬洲通國際企業有限公司,02-26415379,https://www.metro.taipei/cp.aspx?n=074C9E96AEC24806,https://www.metro.taipei/cp.aspx?n=074C9E96AEC24806,https://www.metro.taipei/cp.aspx?n=074C9E96AEC24806,
府中站,新北市,板橋區,縣民大道1段193號地下1樓,出口2,40,88,60,收費,投幣、紙鈔 ,悠遊卡,LINE Pay、悠遊付、台灣Pay、橘子支付、微信支付、Pi拍錢包、歐付寶,20,每小時,20,星期一、星期二、星期三、星期四、星期五、星期六、星期日,06:00:00,23:59:59,"1. 置物櫃嚴禁寄放易腐、易燃及任何危險物品。
2. 置物櫃採計時收費，以1小時為單位，不滿1小時以1小時計。",臺北大眾捷運股份有限公司,商業發展處商管中心,萬洲通國際企業有限公司,02-26415379,https://www.metro.taipei/cp.aspx?n=074C9E96AEC24806,https://www.metro.taipei/cp.aspx?n=074C9E96AEC24806,https://www.metro.taipei/cp.aspx?n=074C9E96AEC24806,
府中站,新北市,板橋區,縣民大道1段193號地下1樓,出口2,40,34,60,收費,投幣、紙鈔 ,悠遊卡,LINE Pay、悠遊付、台灣Pay、橘子支付、微信支付、Pi拍錢包、歐付寶,10,每小時,30,星期一、星期二、星期三、星期四、星期五、星期六、星期日,06:00:00,23:59:59,"1. 置物櫃嚴禁寄放易腐、易燃及任何危險物品。
2. 置物櫃採計時收費，以1小時為單位，不滿1小時以1小時計。",臺北大眾捷運股份有限公司,商業發展處商管中心,萬洲通國際企業有限公司,02-26415379,https://www.metro.taipei/cp.aspx?n=074C9E96AEC24806,https://www.metro.taipei/cp.aspx?n=074C9E96AEC24806,https://www.metro.taipei/cp.aspx?n=074C9E96AEC24806,
動物園站,臺北市,文山區,新光路2段32號,出口2,40,88,60,收費,投幣、紙鈔 ,悠遊卡,LINE Pay、悠遊付、台灣Pay、橘子支付、微信支付、Pi拍錢包、歐付寶,20,每小時,4,星期一、星期二、星期三、星期四、星期五、星期六、星期日,06:00:00,23:59:59,"1. 置物櫃嚴禁寄放易腐、易燃及任何危險物品。
2. 置物櫃採計時收費，以1小時為單位，不滿1小時以1小時計。",臺北大眾捷運股份有限公司,商業發展處商管中心,萬洲通國際企業有限公司,02-26415379,https://www.metro.taipei/cp.aspx?n=074C9E96AEC24806,https://www.metro.taipei/cp.aspx?n=074C9E96AEC24806,https://www.metro.taipei/cp.aspx?n=074C9E96AEC24806,
動物園站,臺北市,文山區,新光路2段32號,出口2,40,34,60,收費,投幣、紙鈔 ,悠遊卡,LINE Pay、悠遊付、台灣Pay、橘子支付、微信支付、Pi拍錢包、歐付寶,10,每小時,20,星期一、星期二、星期三、星期四、星期五、星期六、星期日,06:00:00,23:59:59,"1. 置物櫃嚴禁寄放易腐、易燃及任何危險物品。
2. 置物櫃採計時收費，以1小時為單位，不滿1小時以1小時計。",臺北大眾捷運股份有限公司,商業發展處商管中心,萬洲通國際企業有限公司,02-26415379,https://www.metro.taipei/cp.aspx?n=074C9E96AEC24806,https://www.metro.taipei/cp.aspx?n=074C9E96AEC24806,https://www.metro.taipei/cp.aspx?n=074C9E96AEC24806,
中山站,臺北市,大同區,南京西路16號,出口1,40,88,60,收費,投幣、紙鈔 ,悠遊卡,LINE Pay、悠遊付、台灣Pay、橘子支付、微信支付、Pi拍錢包、歐付寶,20,每小時,20,星期一、星期二、星期三、星期四、星期五、星期六、星期日,06:00:00,23:59:59,"1. 置物櫃嚴禁寄放易腐、易燃及任何危險物品。
2. 置物櫃採計時收費，以1小時為單位，不滿1小時以1小時計。",臺北大眾捷運股份有限公司,商業發展處商管中心,萬洲通國際企業有限公司,02-26415379,https://www.metro.taipei/cp.aspx?n=074C9E96AEC24806,https://www.metro.taipei/cp.aspx?n=074C9E96AEC24806,https://www.metro.taipei/cp.aspx?n=074C9E96AEC24806,
中山站,臺北市,大同區,南京西路16號,出口1,40,34,60,收費,投幣、紙鈔 ,悠遊卡,LINE Pay、悠遊付、台灣Pay、橘子支付、微信支付、Pi拍錢包、歐付寶,10,每小時,30,星期一、星期二、星期三、星期四、星期五、星期六、星期日,06:00:00,23:59:59,"1. 置物櫃嚴禁寄放易腐、易燃及任何危險物品。
2. 置物櫃採計時收費，以1小時為單位，不滿1小時以1小時計。",臺北大眾捷運股份有限公司,商業發展處商管中心,萬洲通國際企業有限公司,02-26415379,https://www.metro.taipei/cp.aspx?n=074C9E96AEC24806,https://www.metro.taipei/cp.aspx?n=074C9E96AEC24806,https://www.metro.taipei/cp.aspx?n=074C9E96AEC24806,
象山站,臺北市,信義區,信義路5段152號地下1樓,近出口2,40,90,60,收費,投幣、紙鈔 ,悠遊卡,LINE Pay、悠遊付、台灣Pay、橘子支付、微信支付、Pi拍錢包、歐付寶,20,每小時,4,星期一、星期二、星期三、星期四、星期五、星期六、星期日,06:00:00,23:59:59,"1. 置物櫃嚴禁寄放易腐、易燃及任何危險物品。
2. 置物櫃採計時收費，以1小時為單位，不滿1小時以1小時計。",臺北大眾捷運股份有限公司,商業發展處商管中心,萬洲通國際企業有限公司,02-26415379,https://www.metro.taipei/cp.aspx?n=074C9E96AEC24806,https://www.metro.taipei/cp.aspx?n=074C9E96AEC24806,https://www.metro.taipei/cp.aspx?n=074C9E96AEC24806,
象山站,臺北市,信義區,信義路5段152號地下1樓,近出口2,40,36,60,收費,投幣、紙鈔 ,悠遊卡,LINE Pay、悠遊付、台灣Pay、橘子支付、微信支付、Pi拍錢包、歐付寶,10,每小時,20,星期一、星期二、星期三、星期四、星期五、星期六、星期日,06:00:00,23:59:59,"1. 置物櫃嚴禁寄放易腐、易燃及任何危險物品。
2. 置物櫃採計時收費，以1小時為單位，不滿1小時以1小時計。",臺北大眾捷運股份有限公司,商業發展處商管中心,萬洲通國際企業有限公司,02-26415379,https://www.metro.taipei/cp.aspx?n=074C9E96AEC24806,https://www.metro.taipei/cp.aspx?n=074C9E96AEC24806,https://www.metro.taipei/cp.aspx?n=074C9E96AEC24806,
新埔站,新北市,板橋區,民生路3段2號,出口4(近三猿廣場),40,88,60,收費,投幣、紙鈔 ,悠遊卡,LINE Pay、悠遊付、台灣Pay、橘子支付、微信支付、Pi拍錢包、歐付寶,20,每小時,8,星期一、星期二、星期三、星期四、星期五、星期六、星期日,06:00:00,23:59:59,"1. 置物櫃嚴禁寄放易腐、易燃及任何危險物品。
2. 置物櫃採計時收費，以1小時為單位，不滿1小時以1小時計。",臺北大眾捷運股份有限公司,商業發展處商管中心,萬洲通國際企業有限公司,02-26415379,https://www.metro.taipei/cp.aspx?n=074C9E96AEC24806,https://www.metro.taipei/cp.aspx?n=074C9E96AEC24806,https://www.metro.taipei/cp.aspx?n=074C9E96AEC24806,
新埔站,新北市,板橋區,民生路3段2號,出口4(近三猿廣場),40,34,60,收費,投幣、紙鈔 ,悠遊卡,LINE Pay、悠遊付、台灣Pay、橘子支付、微信支付、Pi拍錢包、歐付寶,10,每小時,20,星期一、星期二、星期三、星期四、星期五、星期六、星期日,06:00:00,23:59:59,"1. 置物櫃嚴禁寄放易腐、易燃及任何危險物品。
2. 置物櫃採計時收費，以1小時為單位，不滿1小時以1小時計。",臺北大眾捷運股份有限公司,商業發展處商管中心,萬洲通國際企業有限公司,02-26415379,https://www.metro.taipei/cp.aspx?n=074C9E96AEC24806,https://www.metro.taipei/cp.aspx?n=074C9E96AEC24806,https://www.metro.taipei/cp.aspx?n=074C9E96AEC24806,
忠孝敦化站,臺北市,大安區,忠孝東路4段182號,近出口5,40,88,60,收費,投幣、紙鈔 ,悠遊卡,LINE Pay、悠遊付、台灣Pay、橘子支付、微信支付、Pi拍錢包、歐付寶,20,每小時,8,星期一、星期二、星期三、星期四、星期五、星期六、星期日,06:00:00,23:59:59,"1. 置物櫃嚴禁寄放易腐、易燃及任何危險物品。
2. 置物櫃採計時收費，以1小時為單位，不滿1小時以1小時計。",臺北大眾捷運股份有限公司,商業發展處商管中心,萬洲通國際企業有限公司,02-26415379,https://www.metro.taipei/cp.aspx?n=074C9E96AEC24806,https://www.metro.taipei/cp.aspx?n=074C9E96AEC24806,https://www.metro.taipei/cp.aspx?n=074C9E96AEC24806,
忠孝敦化站,臺北市,大安區,忠孝東路4段182號,近出口5,40,34,60,收費,投幣、紙鈔 ,悠遊卡,LINE Pay、悠遊付、台灣Pay、橘子支付、微信支付、Pi拍錢包、歐付寶,10,每小時,20,星期一、星期二、星期三、星期四、星期五、星期六、星期日,06:00:00,23:59:59,"1. 置物櫃嚴禁寄放易腐、易燃及任何危險物品。
2. 置物櫃採計時收費，以1小時為單位，不滿1小時以1小時計。",臺北大眾捷運股份有限公司,商業發展處商管中心,萬洲通國際企業有限公司,02-26415379,https://www.metro.taipei/cp.aspx?n=074C9E96AEC24806,https://www.metro.taipei/cp.aspx?n=074C9E96AEC24806,https://www.metro.taipei/cp.aspx?n=074C9E96AEC24806,
中山國中,臺北市,中山區,復興北路376號,近出口,40,75,60,收費,投幣、紙鈔 ,悠遊卡,LINE Pay、悠遊付、台灣Pay、橘子支付、微信支付、Pi拍錢包、歐付寶,20,每小時,4,星期一、星期二、星期三、星期四、星期五、星期六、星期日,00:00:00,23:59:59,"1. 置物櫃嚴禁寄放易腐、易燃及任何危險物品。
2. 置物櫃採計時收費，以1小時為單位，不滿1小時以1小時計。",臺北大眾捷運股份有限公司,商業發展處商管中心,萬洲通國際企業有限公司,02-26415379,https://www.metro.taipei/cp.aspx?n=074C9E96AEC24806,https://www.metro.taipei/cp.aspx?n=074C9E96AEC24806,https://www.metro.taipei/cp.aspx?n=074C9E96AEC24806,
中山國中,臺北市,中山區,復興北路376號,近出口,40,34,60,收費,投幣、紙鈔 ,悠遊卡,LINE Pay、悠遊付、台灣Pay、橘子支付、微信支付、Pi拍錢包、歐付寶,10,每小時,14,星期一、星期二、星期三、星期四、星期五、星期六、星期日,00:00:00,23:59:59,"1. 置物櫃嚴禁寄放易腐、易燃及任何危險物品。
2. 置物櫃採計時收費，以1小時為單位，不滿1小時以1小時計。",臺北大眾捷運股份有限公司,商業發展處商管中心,萬洲通國際企業有限公司,02-26415379,https://www.metro.taipei/cp.aspx?n=074C9E96AEC24806,https://www.metro.taipei/cp.aspx?n=074C9E96AEC24806,https://www.metro.taipei/cp.aspx?n=074C9E96AEC24806,
科技大樓,臺北市,大安區,復興南路2段235號,近出口,40,75,60,收費,投幣、紙鈔 ,悠遊卡,LINE Pay、悠遊付、台灣Pay、橘子支付、微信支付、Pi拍錢包、歐付寶,20,每小時,2,星期一、星期二、星期三、星期四、星期五、星期六、星期日,00:00:00,23:59:59,"1. 置物櫃嚴禁寄放易腐、易燃及任何危險物品。
2. 置物櫃採計時收費，以1小時為單位，不滿1小時以1小時計。",臺北大眾捷運股份有限公司,商業發展處商管中心,萬洲通國際企業有限公司,02-26415379,https://www.metro.taipei/cp.aspx?n=074C9E96AEC24806,https://www.metro.taipei/cp.aspx?n=074C9E96AEC24806,https://www.metro.taipei/cp.aspx?n=074C9E96AEC24806,
科技大樓,臺北市,大安區,復興南路2段235號,近出口,40,34,60,收費,投幣、紙鈔 ,悠遊卡,LINE Pay、悠遊付、台灣Pay、橘子支付、微信支付、Pi拍錢包、歐付寶,10,每小時,8,星期一、星期二、星期三、星期四、星期五、星期六、星期日,00:00:00,23:59:59,"1. 置物櫃嚴禁寄放易腐、易燃及任何危險物品。
2. 置物櫃採計時收費，以1小時為單位，不滿1小時以1小時計。",臺北大眾捷運股份有限公司,商業發展處商管中心,萬洲通國際企業有限公司,02-26415379,https://www.metro.taipei/cp.aspx?n=074C9E96AEC24806,https://www.metro.taipei/cp.aspx?n=074C9E96AEC24806,https://www.metro.taipei/cp.aspx?n=074C9E96AEC24806,
六張犁,臺北市,大安區,和平東路3段168號,近出口,40,75,60,收費,投幣、紙鈔 ,悠遊卡,LINE Pay、悠遊付、台灣Pay、橘子支付、微信支付、Pi拍錢包、歐付寶,20,每小時,2,星期一、星期二、星期三、星期四、星期五、星期六、星期日,00:00:00,23:59:59,"1. 置物櫃嚴禁寄放易腐、易燃及任何危險物品。
2. 置物櫃採計時收費，以1小時為單位，不滿1小時以1小時計。",臺北大眾捷運股份有限公司,商業發展處商管中心,萬洲通國際企業有限公司,02-26415379,https://www.metro.taipei/cp.aspx?n=074C9E96AEC24806,https://www.metro.taipei/cp.aspx?n=074C9E96AEC24806,https://www.metro.taipei/cp.aspx?n=074C9E96AEC24806,
六張犁,臺北市,大安區,和平東路3段168號,近出口,40,34,60,收費,投幣、紙鈔 ,悠遊卡,LINE Pay、悠遊付、台灣Pay、橘子支付、微信支付、Pi拍錢包、歐付寶,10,每小時,8,星期一、星期二、星期三、星期四、星期五、星期六、星期日,00:00:00,23:59:59,"1. 置物櫃嚴禁寄放易腐、易燃及任何危險物品。
2. 置物櫃採計時收費，以1小時為單位，不滿1小時以1小時計。",臺北大眾捷運股份有限公司,商業發展處商管中心,萬洲通國際企業有限公司,02-26415379,https://www.metro.taipei/cp.aspx?n=074C9E96AEC24806,https://www.metro.taipei/cp.aspx?n=074C9E96AEC24806,https://www.metro.taipei/cp.aspx?n=074C9E96AEC24806,
麟光,臺北市,大安區,和平東路3段410號,近出口,40,34,60,收費,投幣、紙鈔 ,悠遊卡,LINE Pay、悠遊付、台灣Pay、橘子支付、微信支付、Pi拍錢包、歐付寶,10,每小時,12,星期一、星期二、星期三、星期四、星期五、星期六、星期日,00:00:00,23:59:59,"1. 置物櫃嚴禁寄放易腐、易燃及任何危險物品。
2. 置物櫃採計時收費，以1小時為單位，不滿1小時以1小時計。",臺北大眾捷運股份有限公司,商業發展處商管中心,萬洲通國際企業有限公司,02-26415379,https://www.metro.taipei/cp.aspx?n=074C9E96AEC24806,https://www.metro.taipei/cp.aspx?n=074C9E96AEC24806,https://www.metro.taipei/cp.aspx?n=074C9E96AEC24806,
辛亥,臺北市,文山區,辛亥路4段128號,近出口,40,34,60,收費,投幣、紙鈔 ,悠遊卡,LINE Pay、悠遊付、台灣Pay、橘子支付、微信支付、Pi拍錢包、歐付寶,10,每小時,12,星期一、星期二、星期三、星期四、星期五、星期六、星期日,06:00:00,23:59:59,"1. 置物櫃嚴禁寄放易腐、易燃及任何危險物品。
2. 置物櫃採計時收費，以1小時為單位，不滿1小時以1小時計。",臺北大眾捷運股份有限公司,商業發展處商管中心,萬洲通國際企業有限公司,02-26415379,https://www.metro.taipei/cp.aspx?n=074C9E96AEC24806,https://www.metro.taipei/cp.aspx?n=074C9E96AEC24806,https://www.metro.taipei/cp.aspx?n=074C9E96AEC24806,
萬芳醫院,臺北市,文山區,興隆路3段113號,近出口,40,75,60,收費,投幣、紙鈔 ,悠遊卡,LINE Pay、悠遊付、台灣Pay、橘子支付、微信支付、Pi拍錢包、歐付寶,20,每小時,2,星期一、星期二、星期三、星期四、星期五、星期六、星期日,06:00:00,23:59:59,"1. 置物櫃嚴禁寄放易腐、易燃及任何危險物品。
2. 置物櫃採計時收費，以1小時為單位，不滿1小時以1小時計。",臺北大眾捷運股份有限公司,商業發展處商管中心,萬洲通國際企業有限公司,02-26415379,https://www.metro.taipei/cp.aspx?n=074C9E96AEC24806,https://www.metro.taipei/cp.aspx?n=074C9E96AEC24806,https://www.metro.taipei/cp.aspx?n=074C9E96AEC24806,
萬芳醫院,臺北市,文山區,興隆路3段113號,近出口,40,34,60,收費,投幣、紙鈔 ,悠遊卡,LINE Pay、悠遊付、台灣Pay、橘子支付、微信支付、Pi拍錢包、歐付寶,10,每小時,8,星期一、星期二、星期三、星期四、星期五、星期六、星期日,06:00:00,23:59:59,"1. 置物櫃嚴禁寄放易腐、易燃及任何危險物品。
2. 置物櫃採計時收費，以1小時為單位，不滿1小時以1小時計。",臺北大眾捷運股份有限公司,商業發展處商管中心,萬洲通國際企業有限公司,02-26415379,https://www.metro.taipei/cp.aspx?n=074C9E96AEC24806,https://www.metro.taipei/cp.aspx?n=074C9E96AEC24806,https://www.metro.taipei/cp.aspx?n=074C9E96AEC24806,
萬芳社區,臺北市,文山區,萬芳路60號,近出口,40,34,60,收費,投幣、紙鈔 ,悠遊卡,LINE Pay、悠遊付、台灣Pay、橘子支付、微信支付、Pi拍錢包、歐付寶,10,每小時,12,星期一、星期二、星期三、星期四、星期五、星期六、星期日,06:00:00,23:59:59,"1. 置物櫃嚴禁寄放易腐、易燃及任何危險物品。
2. 置物櫃採計時收費，以1小時為單位，不滿1小時以1小時計。",臺北大眾捷運股份有限公司,商業發展處商管中心,萬洲通國際企業有限公司,02-26415379,https://www.metro.taipei/cp.aspx?n=074C9E96AEC24806,https://www.metro.taipei/cp.aspx?n=074C9E96AEC24806,https://www.metro.taipei/cp.aspx?n=074C9E96AEC24806,
木柵,臺北市,文山區,木柵路4段135號,近出口,40,34,60,收費,投幣、紙鈔 ,悠遊卡,LINE Pay、悠遊付、台灣Pay、橘子支付、微信支付、Pi拍錢包、歐付寶,10,每小時,12,星期一、星期二、星期三、星期四、星期五、星期六、星期日,06:00:00,23:59:59,"1. 置物櫃嚴禁寄放易腐、易燃及任何危險物品。
2. 置物櫃採計時收費，以1小時為單位，不滿1小時以1小時計。",臺北大眾捷運股份有限公司,商業發展處商管中心,萬洲通國際企業有限公司,02-26415379,https://www.metro.taipei/cp.aspx?n=074C9E96AEC24806,https://www.metro.taipei/cp.aspx?n=074C9E96AEC24806,https://www.metro.taipei/cp.aspx?n=074C9E96AEC24806,
永安市場,新北市,中和區,中和路388號,近出口,40,75,60,收費,投幣、紙鈔 ,悠遊卡,LINE Pay、悠遊付、台灣Pay、橘子支付、微信支付、Pi拍錢包、歐付寶,20,每小時,2,星期一、星期二、星期三、星期四、星期五、星期六、星期日,06:00:00,23:59:59,"1. 置物櫃嚴禁寄放易腐、易燃及任何危險物品。
2. 置物櫃採計時收費，以1小時為單位，不滿1小時以1小時計。",臺北大眾捷運股份有限公司,商業發展處商管中心,萬洲通國際企業有限公司,02-26415379,https://www.metro.taipei/cp.aspx?n=074C9E96AEC24806,https://www.metro.taipei/cp.aspx?n=074C9E96AEC24806,https://www.metro.taipei/cp.aspx?n=074C9E96AEC24806,
永安市場,新北市,中和區,中和路388號,近出口,40,34,60,收費,投幣、紙鈔 ,悠遊卡,LINE Pay、悠遊付、台灣Pay、橘子支付、微信支付、Pi拍錢包、歐付寶,10,每小時,8,星期一、星期二、星期三、星期四、星期五、星期六、星期日,06:00:00,23:59:59,"1. 置物櫃嚴禁寄放易腐、易燃及任何危險物品。
2. 置物櫃採計時收費，以1小時為單位，不滿1小時以1小時計。",臺北大眾捷運股份有限公司,商業發展處商管中心,萬洲通國際企業有限公司,02-26415379,https://www.metro.taipei/cp.aspx?n=074C9E96AEC24806,https://www.metro.taipei/cp.aspx?n=074C9E96AEC24806,https://www.metro.taipei/cp.aspx?n=074C9E96AEC24806,
景安,新北市,中和區,景平路486號,近出口,40,75,60,收費,投幣、紙鈔 ,悠遊卡,LINE Pay、悠遊付、台灣Pay、橘子支付、微信支付、Pi拍錢包、歐付寶,20,每小時,2,星期一、星期二、星期三、星期四、星期五、星期六、星期日,06:00:00,23:59:59,"1. 置物櫃嚴禁寄放易腐、易燃及任何危險物品。
2. 置物櫃採計時收費，以1小時為單位，不滿1小時以1小時計。",臺北大眾捷運股份有限公司,商業發展處商管中心,萬洲通國際企業有限公司,02-26415379,https://www.metro.taipei/cp.aspx?n=074C9E96AEC24806,https://www.metro.taipei/cp.aspx?n=074C9E96AEC24806,https://www.metro.taipei/cp.aspx?n=074C9E96AEC24806,
景安,新北市,中和區,景平路486號,近出口,40,34,60,收費,投幣、紙鈔 ,悠遊卡,LINE Pay、悠遊付、台灣Pay、橘子支付、微信支付、Pi拍錢包、歐付寶,10,每小時,8,星期一、星期二、星期三、星期四、星期五、星期六、星期日,06:00:00,23:59:59,"1. 置物櫃嚴禁寄放易腐、易燃及任何危險物品。
2. 置物櫃採計時收費，以1小時為單位，不滿1小時以1小時計。",臺北大眾捷運股份有限公司,商業發展處商管中心,萬洲通國際企業有限公司,02-26415379,https://www.metro.taipei/cp.aspx?n=074C9E96AEC24806,https://www.metro.taipei/cp.aspx?n=074C9E96AEC24806,https://www.metro.taipei/cp.aspx?n=074C9E96AEC24806,
明德,臺北市,北投區,明德路95號,近出口,40,75,60,收費,投幣、紙鈔 ,悠遊卡,LINE Pay、悠遊付、台灣Pay、橘子支付、微信支付、Pi拍錢包、歐付寶,20,每小時,2,星期一、星期二、星期三、星期四、星期五、星期六、星期日,06:00:00,23:59:59,"1. 置物櫃嚴禁寄放易腐、易燃及任何危險物品。
2. 置物櫃採計時收費，以1小時為單位，不滿1小時以1小時計。",臺北大眾捷運股份有限公司,商業發展處商管中心,萬洲通國際企業有限公司,02-26415379,https://www.metro.taipei/cp.aspx?n=074C9E96AEC24806,https://www.metro.taipei/cp.aspx?n=074C9E96AEC24806,https://www.metro.taipei/cp.aspx?n=074C9E96AEC24806,
明德,臺北市,北投區,明德路95號,近出口,40,34,60,收費,投幣、紙鈔 ,悠遊卡,LINE Pay、悠遊付、台灣Pay、橘子支付、微信支付、Pi拍錢包、歐付寶,10,每小時,8,星期一、星期二、星期三、星期四、星期五、星期六、星期日,06:00:00,23:59:59,"1. 置物櫃嚴禁寄放易腐、易燃及任何危險物品。
2. 置物櫃採計時收費，以1小時為單位，不滿1小時以1小時計。",臺北大眾捷運股份有限公司,商業發展處商管中心,萬洲通國際企業有限公司,02-26415379,https://www.metro.taipei/cp.aspx?n=074C9E96AEC24806,https://www.metro.taipei/cp.aspx?n=074C9E96AEC24806,https://www.metro.taipei/cp.aspx?n=074C9E96AEC24806,
奇岩,臺北市,北投區,三合街2段489號,近出口,40,75,60,收費,投幣、紙鈔 ,悠遊卡,LINE Pay、悠遊付、台灣Pay、橘子支付、微信支付、Pi拍錢包、歐付寶,20,每小時,2,星期一、星期二、星期三、星期四、星期五、星期六、星期日,06:00:00,23:59:59,"1. 置物櫃嚴禁寄放易腐、易燃及任何危險物品。
2. 置物櫃採計時收費，以1小時為單位，不滿1小時以1小時計。",臺北大眾捷運股份有限公司,商業發展處商管中心,萬洲通國際企業有限公司,02-26415379,https://www.metro.taipei/cp.aspx?n=074C9E96AEC24806,https://www.metro.taipei/cp.aspx?n=074C9E96AEC24806,https://www.metro.taipei/cp.aspx?n=074C9E96AEC24806,
奇岩,臺北市,北投區,三合街2段489號,近出口,40,34,60,收費,投幣、紙鈔 ,悠遊卡,LINE Pay、悠遊付、台灣Pay、橘子支付、微信支付、Pi拍錢包、歐付寶,10,每小時,8,星期一、星期二、星期三、星期四、星期五、星期六、星期日,06:00:00,23:59:59,"1. 置物櫃嚴禁寄放易腐、易燃及任何危險物品。
2. 置物櫃採計時收費，以1小時為單位，不滿1小時以1小時計。",臺北大眾捷運股份有限公司,商業發展處商管中心,萬洲通國際企業有限公司,02-26415379,https://www.metro.taipei/cp.aspx?n=074C9E96AEC24806,https://www.metro.taipei/cp.aspx?n=074C9E96AEC24806,https://www.metro.taipei/cp.aspx?n=074C9E96AEC24806,
台北橋,新北市,三重區,重新路1段108號B1,近出口,40,75,60,收費,投幣、紙鈔 ,悠遊卡,LINE Pay、悠遊付、台灣Pay、橘子支付、微信支付、Pi拍錢包、歐付寶,20,每小時,2,星期一、星期二、星期三、星期四、星期五、星期六、星期日,06:00:00,23:59:59,"1. 置物櫃嚴禁寄放易腐、易燃及任何危險物品。
2. 置物櫃採計時收費，以1小時為單位，不滿1小時以1小時計。",臺北大眾捷運股份有限公司,商業發展處商管中心,萬洲通國際企業有限公司,02-26415379,https://www.metro.taipei/cp.aspx?n=074C9E96AEC24806,https://www.metro.taipei/cp.aspx?n=074C9E96AEC24806,https://www.metro.taipei/cp.aspx?n=074C9E96AEC24806,
台北橋,新北市,三重區,重新路1段108號B1,近出口,40,34,60,收費,投幣、紙鈔 ,悠遊卡,LINE Pay、悠遊付、台灣Pay、橘子支付、微信支付、Pi拍錢包、歐付寶,10,每小時,8,星期一、星期二、星期三、星期四、星期五、星期六、星期日,06:00:00,23:59:59,"1. 置物櫃嚴禁寄放易腐、易燃及任何危險物品。
2. 置物櫃採計時收費，以1小時為單位，不滿1小時以1小時計。",臺北大眾捷運股份有限公司,商業發展處商管中心,萬洲通國際企業有限公司,02-26415379,https://www.metro.taipei/cp.aspx?n=074C9E96AEC24806,https://www.metro.taipei/cp.aspx?n=074C9E96AEC24806,https://www.metro.taipei/cp.aspx?n=074C9E96AEC24806,
三重國小,新北市,三重區,三和路3段5號B1,近出口,40,75,60,收費,投幣、紙鈔 ,悠遊卡,LINE Pay、悠遊付、台灣Pay、橘子支付、微信支付、Pi拍錢包、歐付寶,20,每小時,2,星期一、星期二、星期三、星期四、星期五、星期六、星期日,06:00:00,23:59:59,"1. 置物櫃嚴禁寄放易腐、易燃及任何危險物品。
2. 置物櫃採計時收費，以1小時為單位，不滿1小時以1小時計。",臺北大眾捷運股份有限公司,商業發展處商管中心,萬洲通國際企業有限公司,02-26415379,https://www.metro.taipei/cp.aspx?n=074C9E96AEC24806,https://www.metro.taipei/cp.aspx?n=074C9E96AEC24806,https://www.metro.taipei/cp.aspx?n=074C9E96AEC24806,
三重國小,新北市,三重區,三和路3段5號B1,近出口,40,34,60,收費,投幣、紙鈔 ,悠遊卡,LINE Pay、悠遊付、台灣Pay、橘子支付、微信支付、Pi拍錢包、歐付寶,10,每小時,8,星期一、星期二、星期三、星期四、星期五、星期六、星期日,06:00:00,23:59:59,"1. 置物櫃嚴禁寄放易腐、易燃及任何危險物品。
2. 置物櫃採計時收費，以1小時為單位，不滿1小時以1小時計。",臺北大眾捷運股份有限公司,商業發展處商管中心,萬洲通國際企業有限公司,02-26415379,https://www.metro.taipei/cp.aspx?n=074C9E96AEC24806,https://www.metro.taipei/cp.aspx?n=074C9E96AEC24806,https://www.metro.taipei/cp.aspx?n=074C9E96AEC24806,
西湖,臺北市,內湖區,內湖路1段256號,近出口1,40,75,60,收費,投幣、紙鈔 ,悠遊卡,LINE Pay、悠遊付、台灣Pay、橘子支付、微信支付、Pi拍錢包、歐付寶,20,每小時,2,星期一、星期二、星期三、星期四、星期五、星期六、星期日,06:00:00,23:59:59,"1. 置物櫃嚴禁寄放易腐、易燃及任何危險物品。
2. 置物櫃採計時收費，以1小時為單位，不滿1小時以1小時計。",臺北大眾捷運股份有限公司,商業發展處商管中心,萬洲通國際企業有限公司,02-26415379,https://www.metro.taipei/cp.aspx?n=074C9E96AEC24806,https://www.metro.taipei/cp.aspx?n=074C9E96AEC24806,https://www.metro.taipei/cp.aspx?n=074C9E96AEC24806,
西湖,臺北市,內湖區,內湖路1段256號,近出口1,40,34,60,收費,投幣、紙鈔 ,悠遊卡,LINE Pay、悠遊付、台灣Pay、橘子支付、微信支付、Pi拍錢包、歐付寶,10,每小時,8,星期一、星期二、星期三、星期四、星期五、星期六、星期日,06:00:00,23:59:59,"1. 置物櫃嚴禁寄放易腐、易燃及任何危險物品。
2. 置物櫃採計時收費，以1小時為單位，不滿1小時以1小時計。",臺北大眾捷運股份有限公司,商業發展處商管中心,萬洲通國際企業有限公司,02-26415379,https://www.metro.taipei/cp.aspx?n=074C9E96AEC24806,https://www.metro.taipei/cp.aspx?n=074C9E96AEC24806,https://www.metro.taipei/cp.aspx?n=074C9E96AEC24806,
港墘,臺北市,內湖區,內湖路1段663號,近出口1,40,75,60,收費,投幣、紙鈔 ,悠遊卡,LINE Pay、悠遊付、台灣Pay、橘子支付、微信支付、Pi拍錢包、歐付寶,20,每小時,2,星期一、星期二、星期三、星期四、星期五、星期六、星期日,06:00:00,23:59:59,"1. 置物櫃嚴禁寄放易腐、易燃及任何危險物品。
2. 置物櫃採計時收費，以1小時為單位，不滿1小時以1小時計。",臺北大眾捷運股份有限公司,商業發展處商管中心,萬洲通國際企業有限公司,02-26415379,https://www.metro.taipei/cp.aspx?n=074C9E96AEC24806,https://www.metro.taipei/cp.aspx?n=074C9E96AEC24806,https://www.metro.taipei/cp.aspx?n=074C9E96AEC24806,
港墘,臺北市,內湖區,內湖路1段663號,近出口1,40,34,60,收費,投幣、紙鈔 ,悠遊卡,LINE Pay、悠遊付、台灣Pay、橘子支付、微信支付、Pi拍錢包、歐付寶,10,每小時,8,星期一、星期二、星期三、星期四、星期五、星期六、星期日,06:00:00,23:59:59,"1. 置物櫃嚴禁寄放易腐、易燃及任何危險物品。
2. 置物櫃採計時收費，以1小時為單位，不滿1小時以1小時計。",臺北大眾捷運股份有限公司,商業發展處商管中心,萬洲通國際企業有限公司,02-26415379,https://www.metro.taipei/cp.aspx?n=074C9E96AEC24806,https://www.metro.taipei/cp.aspx?n=074C9E96AEC24806,https://www.metro.taipei/cp.aspx?n=074C9E96AEC24806,
內湖,臺北市,內湖區,成功路4段186號,近出口1,40,75,60,收費,投幣、紙鈔 ,悠遊卡,LINE Pay、悠遊付、台灣Pay、橘子支付、微信支付、Pi拍錢包、歐付寶,20,每小時,2,星期一、星期二、星期三、星期四、星期五、星期六、星期日,06:00:00,23:59:59,"1. 置物櫃嚴禁寄放易腐、易燃及任何危險物品。
2. 置物櫃採計時收費，以1小時為單位，不滿1小時以1小時計。",臺北大眾捷運股份有限公司,商業發展處商管中心,萬洲通國際企業有限公司,02-26415379,https://www.metro.taipei/cp.aspx?n=074C9E96AEC24806,https://www.metro.taipei/cp.aspx?n=074C9E96AEC24806,https://www.metro.taipei/cp.aspx?n=074C9E96AEC24806,
內湖,臺北市,內湖區,成功路4段186號,近出口1,40,34,60,收費,投幣、紙鈔 ,悠遊卡,LINE Pay、悠遊付、台灣Pay、橘子支付、微信支付、Pi拍錢包、歐付寶,10,每小時,8,星期一、星期二、星期三、星期四、星期五、星期六、星期日,06:00:00,23:59:59,"1. 置物櫃嚴禁寄放易腐、易燃及任何危險物品。
2. 置物櫃採計時收費，以1小時為單位，不滿1小時以1小時計。",臺北大眾捷運股份有限公司,商業發展處商管中心,萬洲通國際企業有限公司,02-26415379,https://www.metro.taipei/cp.aspx?n=074C9E96AEC24806,https://www.metro.taipei/cp.aspx?n=074C9E96AEC24806,https://www.metro.taipei/cp.aspx?n=074C9E96AEC24806,
葫洲,臺北市,內湖區,康寧路3段16號,近出口1,40,34,60,收費,投幣、紙鈔 ,悠遊卡,LINE Pay、悠遊付、台灣Pay、橘子支付、微信支付、Pi拍錢包、歐付寶,10,每小時,12,星期一、星期二、星期三、星期四、星期五、星期六、星期日,06:00:00,23:59:59,"1. 置物櫃嚴禁寄放易腐、易燃及任何危險物品。
2. 置物櫃採計時收費，以1小時為單位，不滿1小時以1小時計。",臺北大眾捷運股份有限公司,商業發展處商管中心,萬洲通國際企業有限公司,02-26415379,https://www.metro.taipei/cp.aspx?n=074C9E96AEC24806,https://www.metro.taipei/cp.aspx?n=074C9E96AEC24806,https://www.metro.taipei/cp.aspx?n=074C9E96AEC24806,
南港軟體園區,臺北市,內湖區,經貿二路183號,近出口1,40,75,60,收費,投幣、紙鈔 ,悠遊卡,LINE Pay、悠遊付、台灣Pay、橘子支付、微信支付、Pi拍錢包、歐付寶,20,每小時,2,星期一、星期二、星期三、星期四、星期五、星期六、星期日,06:00:00,23:59:59,"1. 置物櫃嚴禁寄放易腐、易燃及任何危險物品。
2. 置物櫃採計時收費，以1小時為單位，不滿1小時以1小時計。",臺北大眾捷運股份有限公司,商業發展處商管中心,萬洲通國際企業有限公司,02-26415379,https://www.metro.taipei/cp.aspx?n=074C9E96AEC24806,https://www.metro.taipei/cp.aspx?n=074C9E96AEC24806,https://www.metro.taipei/cp.aspx?n=074C9E96AEC24806,
南港軟體園區,臺北市,內湖區,經貿二路183號,近出口1,40,34,60,收費,投幣、紙鈔 ,悠遊卡,LINE Pay、悠遊付、台灣Pay、橘子支付、微信支付、Pi拍錢包、歐付寶,10,每小時,8,星期一、星期二、星期三、星期四、星期五、星期六、星期日,06:00:00,23:59:59,"1. 置物櫃嚴禁寄放易腐、易燃及任何危險物品。
2. 置物櫃採計時收費，以1小時為單位，不滿1小時以1小時計。",臺北大眾捷運股份有限公司,商業發展處商管中心,萬洲通國際企業有限公司,02-26415379,https://www.metro.taipei/cp.aspx?n=074C9E96AEC24806,https://www.metro.taipei/cp.aspx?n=074C9E96AEC24806,https://www.metro.taipei/cp.aspx?n=074C9E96AEC24806,
小碧潭,新北市,新店區,中央路151號4樓,近出口1,40,34,60,收費,投幣、紙鈔 ,悠遊卡,LINE Pay、悠遊付、台灣Pay、橘子支付、微信支付、Pi拍錢包、歐付寶,10,每小時,12,星期一、星期二、星期三、星期四、星期五、星期六、星期日,06:00:00,23:59:59,"1. 置物櫃嚴禁寄放易腐、易燃及任何危險物品。
2. 置物櫃採計時收費，以1小時為單位，不滿1小時以1小時計。",臺北大眾捷運股份有限公司,商業發展處商管中心,萬洲通國際企業有限公司,02-26415379,https://www.metro.taipei/cp.aspx?n=074C9E96AEC24806,https://www.metro.taipei/cp.aspx?n=074C9E96AEC24806,https://www.metro.taipei/cp.aspx?n=074C9E96AEC24806,
新店區公所,新北市,新店區,北新路1段295號,近出口1,40,75,60,收費,投幣、紙鈔 ,悠遊卡,LINE Pay、悠遊付、台灣Pay、橘子支付、微信支付、Pi拍錢包、歐付寶,20,每小時,2,星期一、星期二、星期三、星期四、星期五、星期六、星期日,06:00:00,23:59:59,"1. 置物櫃嚴禁寄放易腐、易燃及任何危險物品。
2. 置物櫃採計時收費，以1小時為單位，不滿1小時以1小時計。",臺北大眾捷運股份有限公司,商業發展處商管中心,萬洲通國際企業有限公司,02-26415379,https://www.metro.taipei/cp.aspx?n=074C9E96AEC24806,https://www.metro.taipei/cp.aspx?n=074C9E96AEC24806,https://www.metro.taipei/cp.aspx?n=074C9E96AEC24806,
新店區公所,新北市,新店區,北新路1段295號,近出口1,40,34,60,收費,投幣、紙鈔 ,悠遊卡,LINE Pay、悠遊付、台灣Pay、橘子支付、微信支付、Pi拍錢包、歐付寶,10,每小時,8,星期一、星期二、星期三、星期四、星期五、星期六、星期日,06:00:00,23:59:59,"1. 置物櫃嚴禁寄放易腐、易燃及任何危險物品。
2. 置物櫃採計時收費，以1小時為單位，不滿1小時以1小時計。",臺北大眾捷運股份有限公司,商業發展處商管中心,萬洲通國際企業有限公司,02-26415379,https://www.metro.taipei/cp.aspx?n=074C9E96AEC24806,https://www.metro.taipei/cp.aspx?n=074C9E96AEC24806,https://www.metro.taipei/cp.aspx?n=074C9E96AEC24806,
七張,新北市,新店區,北新路2段150號,近出口1,40,75,60,收費,投幣、紙鈔 ,悠遊卡,LINE Pay、悠遊付、台灣Pay、橘子支付、微信支付、Pi拍錢包、歐付寶,20,每小時,2,星期一、星期二、星期三、星期四、星期五、星期六、星期日,06:00:00,23:59:59,"1. 置物櫃嚴禁寄放易腐、易燃及任何危險物品。
2. 置物櫃採計時收費，以1小時為單位，不滿1小時以1小時計。",臺北大眾捷運股份有限公司,商業發展處商管中心,萬洲通國際企業有限公司,02-26415379,https://www.metro.taipei/cp.aspx?n=074C9E96AEC24806,https://www.metro.taipei/cp.aspx?n=074C9E96AEC24806,https://www.metro.taipei/cp.aspx?n=074C9E96AEC24806,
七張,新北市,新店區,北新路2段150號,近出口1,40,34,60,收費,投幣、紙鈔 ,悠遊卡,LINE Pay、悠遊付、台灣Pay、橘子支付、微信支付、Pi拍錢包、歐付寶,10,每小時,8,星期一、星期二、星期三、星期四、星期五、星期六、星期日,06:00:00,23:59:59,"1. 置物櫃嚴禁寄放易腐、易燃及任何危險物品。
2. 置物櫃採計時收費，以1小時為單位，不滿1小時以1小時計。",臺北大眾捷運股份有限公司,商業發展處商管中心,萬洲通國際企業有限公司,02-26415379,https://www.metro.taipei/cp.aspx?n=074C9E96AEC24806,https://www.metro.taipei/cp.aspx?n=074C9E96AEC24806,https://www.metro.taipei/cp.aspx?n=074C9E96AEC24806,
大坪林,新北市,新店區,北新路3段190號,近出口1,40,75,60,收費,投幣、紙鈔 ,悠遊卡,LINE Pay、悠遊付、台灣Pay、橘子支付、微信支付、Pi拍錢包、歐付寶,20,每小時,2,星期一、星期二、星期三、星期四、星期五、星期六、星期日,06:00:00,23:59:59,"1. 置物櫃嚴禁寄放易腐、易燃及任何危險物品。
2. 置物櫃採計時收費，以1小時為單位，不滿1小時以1小時計。",臺北大眾捷運股份有限公司,商業發展處商管中心,萬洲通國際企業有限公司,02-26415379,https://www.metro.taipei/cp.aspx?n=074C9E96AEC24806,https://www.metro.taipei/cp.aspx?n=074C9E96AEC24806,https://www.metro.taipei/cp.aspx?n=074C9E96AEC24806,
大坪林,新北市,新店區,北新路3段190號,近出口1,40,34,60,收費,投幣、紙鈔 ,悠遊卡,LINE Pay、悠遊付、台灣Pay、橘子支付、微信支付、Pi拍錢包、歐付寶,10,每小時,8,星期一、星期二、星期三、星期四、星期五、星期六、星期日,06:00:00,23:59:59,"1. 置物櫃嚴禁寄放易腐、易燃及任何危險物品。
2. 置物櫃採計時收費，以1小時為單位，不滿1小時以1小時計。",臺北大眾捷運股份有限公司,商業發展處商管中心,萬洲通國際企業有限公司,02-26415379,https://www.metro.taipei/cp.aspx?n=074C9E96AEC24806,https://www.metro.taipei/cp.aspx?n=074C9E96AEC24806,https://www.metro.taipei/cp.aspx?n=074C9E96AEC24806,
民權西路,臺北市,大同區,民權西路72號,近出口1,40,75,60,收費,投幣、紙鈔 ,悠遊卡,LINE Pay、悠遊付、台灣Pay、橘子支付、微信支付、Pi拍錢包、歐付寶,20,每小時,2,星期一、星期二、星期三、星期四、星期五、星期六、星期日,06:00:00,23:59:59,"1. 置物櫃嚴禁寄放易腐、易燃及任何危險物品。
2. 置物櫃採計時收費，以1小時為單位，不滿1小時以1小時計。",臺北大眾捷運股份有限公司,商業發展處商管中心,萬洲通國際企業有限公司,02-26415379,https://www.metro.taipei/cp.aspx?n=074C9E96AEC24806,https://www.metro.taipei/cp.aspx?n=074C9E96AEC24806,https://www.metro.taipei/cp.aspx?n=074C9E96AEC24806,
民權西路,臺北市,大同區,民權西路72號,近出口1,40,34,60,收費,投幣、紙鈔 ,悠遊卡,LINE Pay、悠遊付、台灣Pay、橘子支付、微信支付、Pi拍錢包、歐付寶,10,每小時,8,星期一、星期二、星期三、星期四、星期五、星期六、星期日,06:00:00,23:59:59,"1. 置物櫃嚴禁寄放易腐、易燃及任何危險物品。
2. 置物櫃採計時收費，以1小時為單位，不滿1小時以1小時計。",臺北大眾捷運股份有限公司,商業發展處商管中心,萬洲通國際企業有限公司,02-26415379,https://www.metro.taipei/cp.aspx?n=074C9E96AEC24806,https://www.metro.taipei/cp.aspx?n=074C9E96AEC24806,https://www.metro.taipei/cp.aspx?n=074C9E96AEC24806,
芝山,臺北市,士林區,福國路70號,近出口1,40,75,60,收費,投幣、紙鈔 ,悠遊卡,LINE Pay、悠遊付、台灣Pay、橘子支付、微信支付、Pi拍錢包、歐付寶,20,每小時,2,星期一、星期二、星期三、星期四、星期五、星期六、星期日,06:00:00,23:59:59,"1. 置物櫃嚴禁寄放易腐、易燃及任何危險物品。
2. 置物櫃採計時收費，以1小時為單位，不滿1小時以1小時計。",臺北大眾捷運股份有限公司,商業發展處商管中心,萬洲通國際企業有限公司,02-26415379,https://www.metro.taipei/cp.aspx?n=074C9E96AEC24806,https://www.metro.taipei/cp.aspx?n=074C9E96AEC24806,https://www.metro.taipei/cp.aspx?n=074C9E96AEC24806,
芝山,臺北市,士林區,福國路70號,近出口1,40,34,60,收費,投幣、紙鈔 ,悠遊卡,LINE Pay、悠遊付、台灣Pay、橘子支付、微信支付、Pi拍錢包、歐付寶,10,每小時,8,星期一、星期二、星期三、星期四、星期五、星期六、星期日,06:00:00,23:59:59,"1. 置物櫃嚴禁寄放易腐、易燃及任何危險物品。
2. 置物櫃採計時收費，以1小時為單位，不滿1小時以1小時計。",臺北大眾捷運股份有限公司,商業發展處商管中心,萬洲通國際企業有限公司,02-26415379,https://www.metro.taipei/cp.aspx?n=074C9E96AEC24806,https://www.metro.taipei/cp.aspx?n=074C9E96AEC24806,https://www.metro.taipei/cp.aspx?n=074C9E96AEC24806,
石牌,臺北市,北投區,石牌路1段200號,近出口1,40,75,60,收費,投幣、紙鈔 ,悠遊卡,LINE Pay、悠遊付、台灣Pay、橘子支付、微信支付、Pi拍錢包、歐付寶,20,每小時,2,星期一、星期二、星期三、星期四、星期五、星期六、星期日,06:00:00,23:59:59,"1. 置物櫃嚴禁寄放易腐、易燃及任何危險物品。
2. 置物櫃採計時收費，以1小時為單位，不滿1小時以1小時計。",臺北大眾捷運股份有限公司,商業發展處商管中心,萬洲通國際企業有限公司,02-26415379,https://www.metro.taipei/cp.aspx?n=074C9E96AEC24806,https://www.metro.taipei/cp.aspx?n=074C9E96AEC24806,https://www.metro.taipei/cp.aspx?n=074C9E96AEC24806,
石牌,臺北市,北投區,石牌路1段200號,近出口1,40,34,60,收費,投幣、紙鈔 ,悠遊卡,LINE Pay、悠遊付、台灣Pay、橘子支付、微信支付、Pi拍錢包、歐付寶,10,每小時,8,星期一、星期二、星期三、星期四、星期五、星期六、星期日,06:00:00,23:59:59,"1. 置物櫃嚴禁寄放易腐、易燃及任何危險物品。
2. 置物櫃採計時收費，以1小時為單位，不滿1小時以1小時計。",臺北大眾捷運股份有限公司,商業發展處商管中心,萬洲通國際企業有限公司,02-26415379,https://www.metro.taipei/cp.aspx?n=074C9E96AEC24806,https://www.metro.taipei/cp.aspx?n=074C9E96AEC24806,https://www.metro.taipei/cp.aspx?n=074C9E96AEC24806,
唭哩岸,臺北市,北投區,東華街2段301號,近出口1,40,75,60,收費,投幣、紙鈔 ,悠遊卡,LINE Pay、悠遊付、台灣Pay、橘子支付、微信支付、Pi拍錢包、歐付寶,20,每小時,2,星期一、星期二、星期三、星期四、星期五、星期六、星期日,06:00:00,23:59:59,"1. 置物櫃嚴禁寄放易腐、易燃及任何危險物品。
2. 置物櫃採計時收費，以1小時為單位，不滿1小時以1小時計。",臺北大眾捷運股份有限公司,商業發展處商管中心,萬洲通國際企業有限公司,02-26415379,https://www.metro.taipei/cp.aspx?n=074C9E96AEC24806,https://www.metro.taipei/cp.aspx?n=074C9E96AEC24806,https://www.metro.taipei/cp.aspx?n=074C9E96AEC24806,
唭哩岸,臺北市,北投區,東華街2段301號,近出口1,40,34,60,收費,投幣、紙鈔 ,悠遊卡,LINE Pay、悠遊付、台灣Pay、橘子支付、微信支付、Pi拍錢包、歐付寶,10,每小時,8,星期一、星期二、星期三、星期四、星期五、星期六、星期日,06:00:00,23:59:59,"1. 置物櫃嚴禁寄放易腐、易燃及任何危險物品。
2. 置物櫃採計時收費，以1小時為單位，不滿1小時以1小時計。",臺北大眾捷運股份有限公司,商業發展處商管中心,萬洲通國際企業有限公司,02-26415379,https://www.metro.taipei/cp.aspx?n=074C9E96AEC24806,https://www.metro.taipei/cp.aspx?n=074C9E96AEC24806,https://www.metro.taipei/cp.aspx?n=074C9E96AEC24806,
復興崗,臺北市,北投區,中央北路3段53巷10號,近出口1,40,34,60,收費,投幣、紙鈔 ,悠遊卡,LINE Pay、悠遊付、台灣Pay、橘子支付、微信支付、Pi拍錢包、歐付寶,10,每小時,12,星期一、星期二、星期三、星期四、星期五、星期六、星期日,06:00:00,23:59:59,"1. 置物櫃嚴禁寄放易腐、易燃及任何危險物品。
2. 置物櫃採計時收費，以1小時為單位，不滿1小時以1小時計。",臺北大眾捷運股份有限公司,商業發展處商管中心,萬洲通國際企業有限公司,02-26415379,https://www.metro.taipei/cp.aspx?n=074C9E96AEC24806,https://www.metro.taipei/cp.aspx?n=074C9E96AEC24806,https://www.metro.taipei/cp.aspx?n=074C9E96AEC24806,
忠義,臺北市,北投區,中央北路4段301號,近出口1,40,34,60,收費,投幣、紙鈔 ,悠遊卡,LINE Pay、悠遊付、台灣Pay、橘子支付、微信支付、Pi拍錢包、歐付寶,10,每小時,12,星期一、星期二、星期三、星期四、星期五、星期六、星期日,06:00:00,23:59:59,"1. 置物櫃嚴禁寄放易腐、易燃及任何危險物品。
2. 置物櫃採計時收費，以1小時為單位，不滿1小時以1小時計。",臺北大眾捷運股份有限公司,商業發展處商管中心,萬洲通國際企業有限公司,02-26415379,https://www.metro.taipei/cp.aspx?n=074C9E96AEC24806,https://www.metro.taipei/cp.aspx?n=074C9E96AEC24806,https://www.metro.taipei/cp.aspx?n=074C9E96AEC24806,
關渡,臺北市,北投區,大度路3段296巷51號,近出口1,40,75,60,收費,投幣、紙鈔 ,悠遊卡,LINE Pay、悠遊付、台灣Pay、橘子支付、微信支付、Pi拍錢包、歐付寶,20,每小時,2,星期一、星期二、星期三、星期四、星期五、星期六、星期日,06:00:00,23:59:59,"1. 置物櫃嚴禁寄放易腐、易燃及任何危險物品。
2. 置物櫃採計時收費，以1小時為單位，不滿1小時以1小時計。",臺北大眾捷運股份有限公司,商業發展處商管中心,萬洲通國際企業有限公司,02-26415379,https://www.metro.taipei/cp.aspx?n=074C9E96AEC24806,https://www.metro.taipei/cp.aspx?n=074C9E96AEC24806,https://www.metro.taipei/cp.aspx?n=074C9E96AEC24806,
關渡,臺北市,北投區,大度路3段296巷51號,近出口1,40,34,60,收費,投幣、紙鈔 ,悠遊卡,LINE Pay、悠遊付、台灣Pay、橘子支付、微信支付、Pi拍錢包、歐付寶,10,每小時,8,星期一、星期二、星期三、星期四、星期五、星期六、星期日,06:00:00,23:59:59,"1. 置物櫃嚴禁寄放易腐、易燃及任何危險物品。
2. 置物櫃採計時收費，以1小時為單位，不滿1小時以1小時計。",臺北大眾捷運股份有限公司,商業發展處商管中心,萬洲通國際企業有限公司,02-26415379,https://www.metro.taipei/cp.aspx?n=074C9E96AEC24806,https://www.metro.taipei/cp.aspx?n=074C9E96AEC24806,https://www.metro.taipei/cp.aspx?n=074C9E96AEC24806,
竹圍,新北市,淡水區,民權路50號,近出口1,40,75,60,收費,投幣、紙鈔 ,悠遊卡,LINE Pay、悠遊付、台灣Pay、橘子支付、微信支付、Pi拍錢包、歐付寶,20,每小時,2,星期一、星期二、星期三、星期四、星期五、星期六、星期日,06:00:00,23:59:59,"1. 置物櫃嚴禁寄放易腐、易燃及任何危險物品。
2. 置物櫃採計時收費，以1小時為單位，不滿1小時以1小時計。",臺北大眾捷運股份有限公司,商業發展處商管中心,萬洲通國際企業有限公司,02-26415379,https://www.metro.taipei/cp.aspx?n=074C9E96AEC24806,https://www.metro.taipei/cp.aspx?n=074C9E96AEC24806,https://www.metro.taipei/cp.aspx?n=074C9E96AEC24806,
竹圍,新北市,淡水區,民權路50號,近出口1,40,34,60,收費,投幣、紙鈔 ,悠遊卡,LINE Pay、悠遊付、台灣Pay、橘子支付、微信支付、Pi拍錢包、歐付寶,10,每小時,8,星期一、星期二、星期三、星期四、星期五、星期六、星期日,06:00:00,23:59:59,"1. 置物櫃嚴禁寄放易腐、易燃及任何危險物品。
2. 置物櫃採計時收費，以1小時為單位，不滿1小時以1小時計。",臺北大眾捷運股份有限公司,商業發展處商管中心,萬洲通國際企業有限公司,02-26415379,https://www.metro.taipei/cp.aspx?n=074C9E96AEC24806,https://www.metro.taipei/cp.aspx?n=074C9E96AEC24806,https://www.metro.taipei/cp.aspx?n=074C9E96AEC24806,
紅樹林,新北市,淡水區,中正東路2段68號,近出口1,40,75,60,收費,投幣、紙鈔 ,悠遊卡,LINE Pay、悠遊付、台灣Pay、橘子支付、微信支付、Pi拍錢包、歐付寶,20,每小時,2,星期一、星期二、星期三、星期四、星期五、星期六、星期日,06:00:00,23:59:59,"1. 置物櫃嚴禁寄放易腐、易燃及任何危險物品。
2. 置物櫃採計時收費，以1小時為單位，不滿1小時以1小時計。",臺北大眾捷運股份有限公司,商業發展處商管中心,萬洲通國際企業有限公司,02-26415379,https://www.metro.taipei/cp.aspx?n=074C9E96AEC24806,https://www.metro.taipei/cp.aspx?n=074C9E96AEC24806,https://www.metro.taipei/cp.aspx?n=074C9E96AEC24806,
紅樹林,新北市,淡水區,中正東路2段68號,近出口1,40,34,60,收費,投幣、紙鈔 ,悠遊卡,LINE Pay、悠遊付、台灣Pay、橘子支付、微信支付、Pi拍錢包、歐付寶,10,每小時,8,星期一、星期二、星期三、星期四、星期五、星期六、星期日,06:00:00,23:59:59,"1. 置物櫃嚴禁寄放易腐、易燃及任何危險物品。
2. 置物櫃採計時收費，以1小時為單位，不滿1小時以1小時計。",臺北大眾捷運股份有限公司,商業發展處商管中心,萬洲通國際企業有限公司,02-26415379,https://www.metro.taipei/cp.aspx?n=074C9E96AEC24806,https://www.metro.taipei/cp.aspx?n=074C9E96AEC24806,https://www.metro.taipei/cp.aspx?n=074C9E96AEC24806,
永寧,新北市,土城區,中央路3段105號B1,近出口1,40,75,60,收費,投幣、紙鈔 ,悠遊卡,LINE Pay、悠遊付、台灣Pay、橘子支付、微信支付、Pi拍錢包、歐付寶,20,每小時,2,星期一、星期二、星期三、星期四、星期五、星期六、星期日,06:00:00,23:59:59,"1. 置物櫃嚴禁寄放易腐、易燃及任何危險物品。
2. 置物櫃採計時收費，以1小時為單位，不滿1小時以1小時計。",臺北大眾捷運股份有限公司,商業發展處商管中心,萬洲通國際企業有限公司,02-26415379,https://www.metro.taipei/cp.aspx?n=074C9E96AEC24806,https://www.metro.taipei/cp.aspx?n=074C9E96AEC24806,https://www.metro.taipei/cp.aspx?n=074C9E96AEC24806,
永寧,新北市,土城區,中央路3段105號B1,近出口1,40,34,60,收費,投幣、紙鈔 ,悠遊卡,LINE Pay、悠遊付、台灣Pay、橘子支付、微信支付、Pi拍錢包、歐付寶,10,每小時,8,星期一、星期二、星期三、星期四、星期五、星期六、星期日,06:00:00,23:59:59,"1. 置物櫃嚴禁寄放易腐、易燃及任何危險物品。
2. 置物櫃採計時收費，以1小時為單位，不滿1小時以1小時計。",臺北大眾捷運股份有限公司,商業發展處商管中心,萬洲通國際企業有限公司,02-26415379,https://www.metro.taipei/cp.aspx?n=074C9E96AEC24806,https://www.metro.taipei/cp.aspx?n=074C9E96AEC24806,https://www.metro.taipei/cp.aspx?n=074C9E96AEC24806,
後山埤,臺北市,南港區,忠孝東路6段2號,近出口1,40,75,60,收費,投幣、紙鈔 ,悠遊卡,LINE Pay、悠遊付、台灣Pay、橘子支付、微信支付、Pi拍錢包、歐付寶,20,每小時,2,星期一、星期二、星期三、星期四、星期五、星期六、星期日,06:00:00,23:59:59,"1. 置物櫃嚴禁寄放易腐、易燃及任何危險物品。
2. 置物櫃採計時收費，以1小時為單位，不滿1小時以1小時計。",臺北大眾捷運股份有限公司,商業發展處商管中心,萬洲通國際企業有限公司,02-26415379,https://www.metro.taipei/cp.aspx?n=074C9E96AEC24806,https://www.metro.taipei/cp.aspx?n=074C9E96AEC24806,https://www.metro.taipei/cp.aspx?n=074C9E96AEC24806,
後山埤,臺北市,南港區,忠孝東路6段2號,近出口1,40,34,60,收費,投幣、紙鈔 ,悠遊卡,LINE Pay、悠遊付、台灣Pay、橘子支付、微信支付、Pi拍錢包、歐付寶,10,每小時,8,星期一、星期二、星期三、星期四、星期五、星期六、星期日,06:00:00,23:59:59,"1. 置物櫃嚴禁寄放易腐、易燃及任何危險物品。
2. 置物櫃採計時收費，以1小時為單位，不滿1小時以1小時計。",臺北大眾捷運股份有限公司,商業發展處商管中心,萬洲通國際企業有限公司,02-26415379,https://www.metro.taipei/cp.aspx?n=074C9E96AEC24806,https://www.metro.taipei/cp.aspx?n=074C9E96AEC24806,https://www.metro.taipei/cp.aspx?n=074C9E96AEC24806,
南京三民,臺北市,松山區,南京東路5段237號,近出口1,40,75,60,收費,投幣、紙鈔 ,悠遊卡,LINE Pay、悠遊付、台灣Pay、橘子支付、微信支付、Pi拍錢包、歐付寶,20,每小時,2,星期一、星期二、星期三、星期四、星期五、星期六、星期日,06:00:00,23:59:59,"1. 置物櫃嚴禁寄放易腐、易燃及任何危險物品。
2. 置物櫃採計時收費，以1小時為單位，不滿1小時以1小時計。",臺北大眾捷運股份有限公司,商業發展處商管中心,萬洲通國際企業有限公司,02-26415379,https://www.metro.taipei/cp.aspx?n=074C9E96AEC24806,https://www.metro.taipei/cp.aspx?n=074C9E96AEC24806,https://www.metro.taipei/cp.aspx?n=074C9E96AEC24806,
南京三民,臺北市,松山區,南京東路5段237號,近出口1,40,34,60,收費,投幣、紙鈔 ,悠遊卡,LINE Pay、悠遊付、台灣Pay、橘子支付、微信支付、Pi拍錢包、歐付寶,10,每小時,8,星期一、星期二、星期三、星期四、星期五、星期六、星期日,06:00:00,23:59:59,"1. 置物櫃嚴禁寄放易腐、易燃及任何危險物品。
2. 置物櫃採計時收費，以1小時為單位，不滿1小時以1小時計。",臺北大眾捷運股份有限公司,商業發展處商管中心,萬洲通國際企業有限公司,02-26415379,https://www.metro.taipei/cp.aspx?n=074C9E96AEC24806,https://www.metro.taipei/cp.aspx?n=074C9E96AEC24806,https://www.metro.taipei/cp.aspx?n=074C9E96AEC24806,
菜寮,新北市,三重區,重新路3段150號B1,近出口1,40,75,60,收費,投幣、紙鈔 ,悠遊卡,LINE Pay、悠遊付、台灣Pay、橘子支付、微信支付、Pi拍錢包、歐付寶,20,每小時,2,星期一、星期二、星期三、星期四、星期五、星期六、星期日,06:00:00,23:59:59,"1. 置物櫃嚴禁寄放易腐、易燃及任何危險物品。
2. 置物櫃採計時收費，以1小時為單位，不滿1小時以1小時計。",臺北大眾捷運股份有限公司,商業發展處商管中心,萬洲通國際企業有限公司,02-26415379,https://www.metro.taipei/cp.aspx?n=074C9E96AEC24806,https://www.metro.taipei/cp.aspx?n=074C9E96AEC24806,https://www.metro.taipei/cp.aspx?n=074C9E96AEC24806,
菜寮,新北市,三重區,重新路3段150號B1,近出口1,40,34,60,收費,投幣、紙鈔 ,悠遊卡,LINE Pay、悠遊付、台灣Pay、橘子支付、微信支付、Pi拍錢包、歐付寶,10,每小時,8,星期一、星期二、星期三、星期四、星期五、星期六、星期日,06:00:00,23:59:59,"1. 置物櫃嚴禁寄放易腐、易燃及任何危險物品。
2. 置物櫃採計時收費，以1小時為單位，不滿1小時以1小時計。",臺北大眾捷運股份有限公司,商業發展處商管中心,萬洲通國際企業有限公司,02-26415379,https://www.metro.taipei/cp.aspx?n=074C9E96AEC24806,https://www.metro.taipei/cp.aspx?n=074C9E96AEC24806,https://www.metro.taipei/cp.aspx?n=074C9E96AEC24806,
大橋頭,新北市,大同區,民權西路223號B1,近出口1,40,75,60,收費,投幣、紙鈔 ,悠遊卡,LINE Pay、悠遊付、台灣Pay、橘子支付、微信支付、Pi拍錢包、歐付寶,20,每小時,2,星期一、星期二、星期三、星期四、星期五、星期六、星期日,06:00:00,23:59:59,"1. 置物櫃嚴禁寄放易腐、易燃及任何危險物品。
2. 置物櫃採計時收費，以1小時為單位，不滿1小時以1小時計。",臺北大眾捷運股份有限公司,商業發展處商管中心,萬洲通國際企業有限公司,02-26415379,https://www.metro.taipei/cp.aspx?n=074C9E96AEC24806,https://www.metro.taipei/cp.aspx?n=074C9E96AEC24806,https://www.metro.taipei/cp.aspx?n=074C9E96AEC24806,
大橋頭,新北市,大同區,民權西路223號B1,近出口1,40,34,60,收費,投幣、紙鈔 ,悠遊卡,LINE Pay、悠遊付、台灣Pay、橘子支付、微信支付、Pi拍錢包、歐付寶,10,每小時,8,星期一、星期二、星期三、星期四、星期五、星期六、星期日,06:00:00,23:59:59,"1. 置物櫃嚴禁寄放易腐、易燃及任何危險物品。
2. 置物櫃採計時收費，以1小時為單位，不滿1小時以1小時計。",臺北大眾捷運股份有限公司,商業發展處商管中心,萬洲通國際企業有限公司,02-26415379,https://www.metro.taipei/cp.aspx?n=074C9E96AEC24806,https://www.metro.taipei/cp.aspx?n=074C9E96AEC24806,https://www.metro.taipei/cp.aspx?n=074C9E96AEC24806,
蘆洲,新北市,蘆洲區,三民路386號B1,近出口1,40,75,60,收費,投幣、紙鈔 ,悠遊卡,LINE Pay、悠遊付、台灣Pay、橘子支付、微信支付、Pi拍錢包、歐付寶,20,每小時,2,星期一、星期二、星期三、星期四、星期五、星期六、星期日,06:00:00,23:59:59,"1. 置物櫃嚴禁寄放易腐、易燃及任何危險物品。
2. 置物櫃採計時收費，以1小時為單位，不滿1小時以1小時計。",臺北大眾捷運股份有限公司,商業發展處商管中心,萬洲通國際企業有限公司,02-26415379,https://www.metro.taipei/cp.aspx?n=074C9E96AEC24806,https://www.metro.taipei/cp.aspx?n=074C9E96AEC24806,https://www.metro.taipei/cp.aspx?n=074C9E96AEC24806,
蘆洲,新北市,蘆洲區,三民路386號B1,近出口1,40,34,60,收費,投幣、紙鈔 ,悠遊卡,LINE Pay、悠遊付、台灣Pay、橘子支付、微信支付、Pi拍錢包、歐付寶,10,每小時,8,星期一、星期二、星期三、星期四、星期五、星期六、星期日,06:00:00,23:59:59,"1. 置物櫃嚴禁寄放易腐、易燃及任何危險物品。
2. 置物櫃採計時收費，以1小時為單位，不滿1小時以1小時計。",臺北大眾捷運股份有限公司,商業發展處商管中心,萬洲通國際企業有限公司,02-26415379,https://www.metro.taipei/cp.aspx?n=074C9E96AEC24806,https://www.metro.taipei/cp.aspx?n=074C9E96AEC24806,https://www.metro.taipei/cp.aspx?n=074C9E96AEC24806,
丹鳳,新北市,新莊區,中正路624之1號B1,近出口1,40,75,60,收費,投幣、紙鈔 ,悠遊卡,LINE Pay、悠遊付、台灣Pay、橘子支付、微信支付、Pi拍錢包、歐付寶,20,每小時,2,星期一、星期二、星期三、星期四、星期五、星期六、星期日,06:00:00,23:59:59,"1. 置物櫃嚴禁寄放易腐、易燃及任何危險物品。
2. 置物櫃採計時收費，以1小時為單位，不滿1小時以1小時計。",臺北大眾捷運股份有限公司,商業發展處商管中心,萬洲通國際企業有限公司,02-26415379,https://www.metro.taipei/cp.aspx?n=074C9E96AEC24806,https://www.metro.taipei/cp.aspx?n=074C9E96AEC24806,https://www.metro.taipei/cp.aspx?n=074C9E96AEC24806,
丹鳳,新北市,新莊區,中正路624之1號B1,近出口1,40,34,60,收費,投幣、紙鈔 ,悠遊卡,LINE Pay、悠遊付、台灣Pay、橘子支付、微信支付、Pi拍錢包、歐付寶,10,每小時,8,星期一、星期二、星期三、星期四、星期五、星期六、星期日,06:00:00,23:59:59,"1. 置物櫃嚴禁寄放易腐、易燃及任何危險物品。
2. 置物櫃採計時收費，以1小時為單位，不滿1小時以1小時計。",臺北大眾捷運股份有限公司,商業發展處商管中心,萬洲通國際企業有限公司,02-26415379,https://www.metro.taipei/cp.aspx?n=074C9E96AEC24806,https://www.metro.taipei/cp.aspx?n=074C9E96AEC24806,https://www.metro.taipei/cp.aspx?n=074C9E96AEC24806,
大安,臺北市,大安區,信義路4段2號,近出口1、2轉折平台,40,75,60,收費,投幣、紙鈔 ,悠遊卡,LINE Pay、悠遊付、台灣Pay、橘子支付、微信支付、Pi拍錢包、歐付寶,20,每小時,2,星期一、星期二、星期三、星期四、星期五、星期六、星期日,06:00:00,23:59:59,"1. 置物櫃嚴禁寄放易腐、易燃及任何危險物品。
2. 置物櫃採計時收費，以1小時為單位，不滿1小時以1小時計。",臺北大眾捷運股份有限公司,商業發展處商管中心,萬洲通國際企業有限公司,02-26415379,https://www.metro.taipei/cp.aspx?n=074C9E96AEC24806,https://www.metro.taipei/cp.aspx?n=074C9E96AEC24806,https://www.metro.taipei/cp.aspx?n=074C9E96AEC24806,
大安,臺北市,大安區,信義路4段2號,近出口1、2轉折平台,40,34,60,收費,投幣、紙鈔 ,悠遊卡,LINE Pay、悠遊付、台灣Pay、橘子支付、微信支付、Pi拍錢包、歐付寶,10,每小時,8,星期一、星期二、星期三、星期四、星期五、星期六、星期日,06:00:00,23:59:59,"1. 置物櫃嚴禁寄放易腐、易燃及任何危險物品。
2. 置物櫃採計時收費，以1小時為單位，不滿1小時以1小時計。",臺北大眾捷運股份有限公司,商業發展處商管中心,萬洲通國際企業有限公司,02-26415379,https://www.metro.taipei/cp.aspx?n=074C9E96AEC24806,https://www.metro.taipei/cp.aspx?n=074C9E96AEC24806,https://www.metro.taipei/cp.aspx?n=074C9E96AEC24806,
大直,臺北市,中山區,北安路534之1號,近出口2,40,75,60,收費,投幣、紙鈔 ,悠遊卡,LINE Pay、悠遊付、台灣Pay、橘子支付、微信支付、Pi拍錢包、歐付寶,20,每小時,2,星期一、星期二、星期三、星期四、星期五、星期六、星期日,06:00:00,23:59:59,"1. 置物櫃嚴禁寄放易腐、易燃及任何危險物品。
2. 置物櫃採計時收費，以1小時為單位，不滿1小時以1小時計。",臺北大眾捷運股份有限公司,商業發展處商管中心,萬洲通國際企業有限公司,02-26415379,https://www.metro.taipei/cp.aspx?n=074C9E96AEC24806,https://www.metro.taipei/cp.aspx?n=074C9E96AEC24806,https://www.metro.taipei/cp.aspx?n=074C9E96AEC24806,
大直,臺北市,中山區,北安路534之1號,近出口2,40,34,60,收費,投幣、紙鈔 ,悠遊卡,LINE Pay、悠遊付、台灣Pay、橘子支付、微信支付、Pi拍錢包、歐付寶,10,每小時,8,星期一、星期二、星期三、星期四、星期五、星期六、星期日,06:00:00,23:59:59,"1. 置物櫃嚴禁寄放易腐、易燃及任何危險物品。
2. 置物櫃採計時收費，以1小時為單位，不滿1小時以1小時計。",臺北大眾捷運股份有限公司,商業發展處商管中心,萬洲通國際企業有限公司,02-26415379,https://www.metro.taipei/cp.aspx?n=074C9E96AEC24806,https://www.metro.taipei/cp.aspx?n=074C9E96AEC24806,https://www.metro.taipei/cp.aspx?n=074C9E96AEC24806,
劍南路,臺北市,中山區,北安路798號,近出口2,40,75,60,收費,投幣、紙鈔 ,悠遊卡,LINE Pay、悠遊付、台灣Pay、橘子支付、微信支付、Pi拍錢包、歐付寶,20,每小時,2,星期一、星期二、星期三、星期四、星期五、星期六、星期日,06:00:00,23:59:59,"1. 置物櫃嚴禁寄放易腐、易燃及任何危險物品。
2. 置物櫃採計時收費，以1小時為單位，不滿1小時以1小時計。",臺北大眾捷運股份有限公司,商業發展處商管中心,萬洲通國際企業有限公司,02-26415379,https://www.metro.taipei/cp.aspx?n=074C9E96AEC24806,https://www.metro.taipei/cp.aspx?n=074C9E96AEC24806,https://www.metro.taipei/cp.aspx?n=074C9E96AEC24806,
劍南路,臺北市,中山區,北安路798號,近出口2,40,34,60,收費,投幣、紙鈔 ,悠遊卡,LINE Pay、悠遊付、台灣Pay、橘子支付、微信支付、Pi拍錢包、歐付寶,10,每小時,8,星期一、星期二、星期三、星期四、星期五、星期六、星期日,06:00:00,23:59:59,"1. 置物櫃嚴禁寄放易腐、易燃及任何危險物品。
2. 置物櫃採計時收費，以1小時為單位，不滿1小時以1小時計。",臺北大眾捷運股份有限公司,商業發展處商管中心,萬洲通國際企業有限公司,02-26415379,https://www.metro.taipei/cp.aspx?n=074C9E96AEC24806,https://www.metro.taipei/cp.aspx?n=074C9E96AEC24806,https://www.metro.taipei/cp.aspx?n=074C9E96AEC24806,
文德,臺北市,內湖區,文德路214號,近出口2,40,34,60,收費,投幣、紙鈔 ,悠遊卡,LINE Pay、悠遊付、台灣Pay、橘子支付、微信支付、Pi拍錢包、歐付寶,10,每小時,12,星期一、星期二、星期三、星期四、星期五、星期六、星期日,06:00:00,23:59:59,"1. 置物櫃嚴禁寄放易腐、易燃及任何危險物品。
2. 置物櫃採計時收費，以1小時為單位，不滿1小時以1小時計。",臺北大眾捷運股份有限公司,商業發展處商管中心,萬洲通國際企業有限公司,02-26415379,https://www.metro.taipei/cp.aspx?n=074C9E96AEC24806,https://www.metro.taipei/cp.aspx?n=074C9E96AEC24806,https://www.metro.taipei/cp.aspx?n=074C9E96AEC24806,
大湖公園,臺北市,內湖區,成功路5段11號,近出口2,40,75,60,收費,投幣、紙鈔 ,悠遊卡,LINE Pay、悠遊付、台灣Pay、橘子支付、微信支付、Pi拍錢包、歐付寶,20,每小時,2,星期一、星期二、星期三、星期四、星期五、星期六、星期日,06:00:00,23:59:59,"1. 置物櫃嚴禁寄放易腐、易燃及任何危險物品。
2. 置物櫃採計時收費，以1小時為單位，不滿1小時以1小時計。",臺北大眾捷運股份有限公司,商業發展處商管中心,萬洲通國際企業有限公司,02-26415379,https://www.metro.taipei/cp.aspx?n=074C9E96AEC24806,https://www.metro.taipei/cp.aspx?n=074C9E96AEC24806,https://www.metro.taipei/cp.aspx?n=074C9E96AEC24806,
大湖公園,臺北市,內湖區,成功路5段11號,近出口2,40,34,60,收費,投幣、紙鈔 ,悠遊卡,LINE Pay、悠遊付、台灣Pay、橘子支付、微信支付、Pi拍錢包、歐付寶,10,每小時,8,星期一、星期二、星期三、星期四、星期五、星期六、星期日,06:00:00,23:59:59,"1. 置物櫃嚴禁寄放易腐、易燃及任何危險物品。
2. 置物櫃採計時收費，以1小時為單位，不滿1小時以1小時計。",臺北大眾捷運股份有限公司,商業發展處商管中心,萬洲通國際企業有限公司,02-26415379,https://www.metro.taipei/cp.aspx?n=074C9E96AEC24806,https://www.metro.taipei/cp.aspx?n=074C9E96AEC24806,https://www.metro.taipei/cp.aspx?n=074C9E96AEC24806,
景美,臺北市,文山區,羅斯福路6段216號,近出口2,40,75,60,收費,投幣、紙鈔 ,悠遊卡,LINE Pay、悠遊付、台灣Pay、橘子支付、微信支付、Pi拍錢包、歐付寶,20,每小時,2,星期一、星期二、星期三、星期四、星期五、星期六、星期日,06:00:00,23:59:59,"1. 置物櫃嚴禁寄放易腐、易燃及任何危險物品。
2. 置物櫃採計時收費，以1小時為單位，不滿1小時以1小時計。",臺北大眾捷運股份有限公司,商業發展處商管中心,萬洲通國際企業有限公司,02-26415379,https://www.metro.taipei/cp.aspx?n=074C9E96AEC24806,https://www.metro.taipei/cp.aspx?n=074C9E96AEC24806,https://www.metro.taipei/cp.aspx?n=074C9E96AEC24806,
景美,臺北市,文山區,羅斯福路6段216號,近出口2,40,34,60,收費,投幣、紙鈔 ,悠遊卡,LINE Pay、悠遊付、台灣Pay、橘子支付、微信支付、Pi拍錢包、歐付寶,10,每小時,8,星期一、星期二、星期三、星期四、星期五、星期六、星期日,06:00:00,23:59:59,"1. 置物櫃嚴禁寄放易腐、易燃及任何危險物品。
2. 置物櫃採計時收費，以1小時為單位，不滿1小時以1小時計。",臺北大眾捷運股份有限公司,商業發展處商管中心,萬洲通國際企業有限公司,02-26415379,https://www.metro.taipei/cp.aspx?n=074C9E96AEC24806,https://www.metro.taipei/cp.aspx?n=074C9E96AEC24806,https://www.metro.taipei/cp.aspx?n=074C9E96AEC24806,
頂溪,新北市,永和區,永和路2段168號B1,近出口2,40,75,60,收費,投幣、紙鈔 ,悠遊卡,LINE Pay、悠遊付、台灣Pay、橘子支付、微信支付、Pi拍錢包、歐付寶,20,每小時,2,星期一、星期二、星期三、星期四、星期五、星期六、星期日,06:00:00,23:59:59,"1. 置物櫃嚴禁寄放易腐、易燃及任何危險物品。
2. 置物櫃採計時收費，以1小時為單位，不滿1小時以1小時計。",臺北大眾捷運股份有限公司,商業發展處商管中心,萬洲通國際企業有限公司,02-26415379,https://www.metro.taipei/cp.aspx?n=074C9E96AEC24806,https://www.metro.taipei/cp.aspx?n=074C9E96AEC24806,https://www.metro.taipei/cp.aspx?n=074C9E96AEC24806,
頂溪,新北市,永和區,永和路2段168號B1,近出口2,40,34,60,收費,投幣、紙鈔 ,悠遊卡,LINE Pay、悠遊付、台灣Pay、橘子支付、微信支付、Pi拍錢包、歐付寶,10,每小時,8,星期一、星期二、星期三、星期四、星期五、星期六、星期日,06:00:00,23:59:59,"1. 置物櫃嚴禁寄放易腐、易燃及任何危險物品。
2. 置物櫃採計時收費，以1小時為單位，不滿1小時以1小時計。",臺北大眾捷運股份有限公司,商業發展處商管中心,萬洲通國際企業有限公司,02-26415379,https://www.metro.taipei/cp.aspx?n=074C9E96AEC24806,https://www.metro.taipei/cp.aspx?n=074C9E96AEC24806,https://www.metro.taipei/cp.aspx?n=074C9E96AEC24806,
南勢角,新北市,中和區,捷運路6號,近出口2,40,75,60,收費,投幣、紙鈔 ,悠遊卡,LINE Pay、悠遊付、台灣Pay、橘子支付、微信支付、Pi拍錢包、歐付寶,20,每小時,2,星期一、星期二、星期三、星期四、星期五、星期六、星期日,06:00:00,23:59:59,"1. 置物櫃嚴禁寄放易腐、易燃及任何危險物品。
2. 置物櫃採計時收費，以1小時為單位，不滿1小時以1小時計。",臺北大眾捷運股份有限公司,商業發展處商管中心,萬洲通國際企業有限公司,02-26415379,https://www.metro.taipei/cp.aspx?n=074C9E96AEC24806,https://www.metro.taipei/cp.aspx?n=074C9E96AEC24806,https://www.metro.taipei/cp.aspx?n=074C9E96AEC24806,
南勢角,新北市,中和區,捷運路6號,近出口2,40,34,60,收費,投幣、紙鈔 ,悠遊卡,LINE Pay、悠遊付、台灣Pay、橘子支付、微信支付、Pi拍錢包、歐付寶,10,每小時,8,星期一、星期二、星期三、星期四、星期五、星期六、星期日,06:00:00,23:59:59,"1. 置物櫃嚴禁寄放易腐、易燃及任何危險物品。
2. 置物櫃採計時收費，以1小時為單位，不滿1小時以1小時計。",臺北大眾捷運股份有限公司,商業發展處商管中心,萬洲通國際企業有限公司,02-26415379,https://www.metro.taipei/cp.aspx?n=074C9E96AEC24806,https://www.metro.taipei/cp.aspx?n=074C9E96AEC24806,https://www.metro.taipei/cp.aspx?n=074C9E96AEC24806,
雙連,臺北市,大同區,民生西路47號,近出口2,40,75,60,收費,投幣、紙鈔 ,悠遊卡,LINE Pay、悠遊付、台灣Pay、橘子支付、微信支付、Pi拍錢包、歐付寶,20,每小時,2,星期一、星期二、星期三、星期四、星期五、星期六、星期日,06:00:00,23:59:59,"1. 置物櫃嚴禁寄放易腐、易燃及任何危險物品。
2. 置物櫃採計時收費，以1小時為單位，不滿1小時以1小時計。",臺北大眾捷運股份有限公司,商業發展處商管中心,萬洲通國際企業有限公司,02-26415379,https://www.metro.taipei/cp.aspx?n=074C9E96AEC24806,https://www.metro.taipei/cp.aspx?n=074C9E96AEC24806,https://www.metro.taipei/cp.aspx?n=074C9E96AEC24806,
雙連,臺北市,大同區,民生西路47號,近出口2,40,34,60,收費,投幣、紙鈔 ,悠遊卡,LINE Pay、悠遊付、台灣Pay、橘子支付、微信支付、Pi拍錢包、歐付寶,10,每小時,8,星期一、星期二、星期三、星期四、星期五、星期六、星期日,06:00:00,23:59:59,"1. 置物櫃嚴禁寄放易腐、易燃及任何危險物品。
2. 置物櫃採計時收費，以1小時為單位，不滿1小時以1小時計。",臺北大眾捷運股份有限公司,商業發展處商管中心,萬洲通國際企業有限公司,02-26415379,https://www.metro.taipei/cp.aspx?n=074C9E96AEC24806,https://www.metro.taipei/cp.aspx?n=074C9E96AEC24806,https://www.metro.taipei/cp.aspx?n=074C9E96AEC24806,
土城,新北市,土城區,金城路1段105號B1,近出口2,40,75,60,收費,投幣、紙鈔 ,悠遊卡,LINE Pay、悠遊付、台灣Pay、橘子支付、微信支付、Pi拍錢包、歐付寶,20,每小時,2,星期一、星期二、星期三、星期四、星期五、星期六、星期日,06:00:00,23:59:59,"1. 置物櫃嚴禁寄放易腐、易燃及任何危險物品。
2. 置物櫃採計時收費，以1小時為單位，不滿1小時以1小時計。",臺北大眾捷運股份有限公司,商業發展處商管中心,萬洲通國際企業有限公司,02-26415379,https://www.metro.taipei/cp.aspx?n=074C9E96AEC24806,https://www.metro.taipei/cp.aspx?n=074C9E96AEC24806,https://www.metro.taipei/cp.aspx?n=074C9E96AEC24806,
土城,新北市,土城區,金城路1段105號B1,近出口2,40,34,60,收費,投幣、紙鈔 ,悠遊卡,LINE Pay、悠遊付、台灣Pay、橘子支付、微信支付、Pi拍錢包、歐付寶,10,每小時,8,星期一、星期二、星期三、星期四、星期五、星期六、星期日,06:00:00,23:59:59,"1. 置物櫃嚴禁寄放易腐、易燃及任何危險物品。
2. 置物櫃採計時收費，以1小時為單位，不滿1小時以1小時計。",臺北大眾捷運股份有限公司,商業發展處商管中心,萬洲通國際企業有限公司,02-26415379,https://www.metro.taipei/cp.aspx?n=074C9E96AEC24806,https://www.metro.taipei/cp.aspx?n=074C9E96AEC24806,https://www.metro.taipei/cp.aspx?n=074C9E96AEC24806,
海山,新北市,土城區,海山路39號B2,近出口2,40,75,60,收費,投幣、紙鈔 ,悠遊卡,LINE Pay、悠遊付、台灣Pay、橘子支付、微信支付、Pi拍錢包、歐付寶,20,每小時,2,星期一、星期二、星期三、星期四、星期五、星期六、星期日,06:00:00,23:59:59,"1. 置物櫃嚴禁寄放易腐、易燃及任何危險物品。
2. 置物櫃採計時收費，以1小時為單位，不滿1小時以1小時計。",臺北大眾捷運股份有限公司,商業發展處商管中心,萬洲通國際企業有限公司,02-26415379,https://www.metro.taipei/cp.aspx?n=074C9E96AEC24806,https://www.metro.taipei/cp.aspx?n=074C9E96AEC24806,https://www.metro.taipei/cp.aspx?n=074C9E96AEC24806,
海山,新北市,土城區,海山路39號B2,近出口2,40,34,60,收費,投幣、紙鈔 ,悠遊卡,LINE Pay、悠遊付、台灣Pay、橘子支付、微信支付、Pi拍錢包、歐付寶,10,每小時,8,星期一、星期二、星期三、星期四、星期五、星期六、星期日,06:00:00,23:59:59,"1. 置物櫃嚴禁寄放易腐、易燃及任何危險物品。
2. 置物櫃採計時收費，以1小時為單位，不滿1小時以1小時計。",臺北大眾捷運股份有限公司,商業發展處商管中心,萬洲通國際企業有限公司,02-26415379,https://www.metro.taipei/cp.aspx?n=074C9E96AEC24806,https://www.metro.taipei/cp.aspx?n=074C9E96AEC24806,https://www.metro.taipei/cp.aspx?n=074C9E96AEC24806,
龍山寺,臺北市,萬華區,西園路1段153號,近出口2,40,75,60,收費,投幣、紙鈔 ,悠遊卡,LINE Pay、悠遊付、台灣Pay、橘子支付、微信支付、Pi拍錢包、歐付寶,20,每小時,2,星期一、星期二、星期三、星期四、星期五、星期六、星期日,06:00:00,23:59:59,"1. 置物櫃嚴禁寄放易腐、易燃及任何危險物品。
2. 置物櫃採計時收費，以1小時為單位，不滿1小時以1小時計。",臺北大眾捷運股份有限公司,商業發展處商管中心,萬洲通國際企業有限公司,02-26415379,https://www.metro.taipei/cp.aspx?n=074C9E96AEC24806,https://www.metro.taipei/cp.aspx?n=074C9E96AEC24806,https://www.metro.taipei/cp.aspx?n=074C9E96AEC24806,
龍山寺,臺北市,萬華區,西園路1段153號,近出口2,40,34,60,收費,投幣、紙鈔 ,悠遊卡,LINE Pay、悠遊付、台灣Pay、橘子支付、微信支付、Pi拍錢包、歐付寶,10,每小時,8,星期一、星期二、星期三、星期四、星期五、星期六、星期日,06:00:00,23:59:59,"1. 置物櫃嚴禁寄放易腐、易燃及任何危險物品。
2. 置物櫃採計時收費，以1小時為單位，不滿1小時以1小時計。",臺北大眾捷運股份有限公司,商業發展處商管中心,萬洲通國際企業有限公司,02-26415379,https://www.metro.taipei/cp.aspx?n=074C9E96AEC24806,https://www.metro.taipei/cp.aspx?n=074C9E96AEC24806,https://www.metro.taipei/cp.aspx?n=074C9E96AEC24806,
善導寺,臺北市,中正區,忠孝東路1段58號B1,近出口2,40,75,60,收費,投幣、紙鈔 ,悠遊卡,LINE Pay、悠遊付、台灣Pay、橘子支付、微信支付、Pi拍錢包、歐付寶,20,每小時,2,星期一、星期二、星期三、星期四、星期五、星期六、星期日,06:00:00,23:59:59,"1. 置物櫃嚴禁寄放易腐、易燃及任何危險物品。
2. 置物櫃採計時收費，以1小時為單位，不滿1小時以1小時計。",臺北大眾捷運股份有限公司,商業發展處商管中心,萬洲通國際企業有限公司,02-26415379,https://www.metro.taipei/cp.aspx?n=074C9E96AEC24806,https://www.metro.taipei/cp.aspx?n=074C9E96AEC24806,https://www.metro.taipei/cp.aspx?n=074C9E96AEC24806,
善導寺,臺北市,中正區,忠孝東路1段58號B1,近出口2,40,34,60,收費,投幣、紙鈔 ,悠遊卡,LINE Pay、悠遊付、台灣Pay、橘子支付、微信支付、Pi拍錢包、歐付寶,10,每小時,8,星期一、星期二、星期三、星期四、星期五、星期六、星期日,06:00:00,23:59:59,"1. 置物櫃嚴禁寄放易腐、易燃及任何危險物品。
2. 置物櫃採計時收費，以1小時為單位，不滿1小時以1小時計。",臺北大眾捷運股份有限公司,商業發展處商管中心,萬洲通國際企業有限公司,02-26415379,https://www.metro.taipei/cp.aspx?n=074C9E96AEC24806,https://www.metro.taipei/cp.aspx?n=074C9E96AEC24806,https://www.metro.taipei/cp.aspx?n=074C9E96AEC24806,
昆陽,臺北市,南港區,忠孝東路6段451號,近出口2,40,75,60,收費,投幣、紙鈔 ,悠遊卡,LINE Pay、悠遊付、台灣Pay、橘子支付、微信支付、Pi拍錢包、歐付寶,20,每小時,2,星期一、星期二、星期三、星期四、星期五、星期六、星期日,06:00:00,23:59:59,"1. 置物櫃嚴禁寄放易腐、易燃及任何危險物品。
2. 置物櫃採計時收費，以1小時為單位，不滿1小時以1小時計。",臺北大眾捷運股份有限公司,商業發展處商管中心,萬洲通國際企業有限公司,02-26415379,https://www.metro.taipei/cp.aspx?n=074C9E96AEC24806,https://www.metro.taipei/cp.aspx?n=074C9E96AEC24806,https://www.metro.taipei/cp.aspx?n=074C9E96AEC24806,
昆陽,臺北市,南港區,忠孝東路6段451號,近出口2,40,34,60,收費,投幣、紙鈔 ,悠遊卡,LINE Pay、悠遊付、台灣Pay、橘子支付、微信支付、Pi拍錢包、歐付寶,10,每小時,8,星期一、星期二、星期三、星期四、星期五、星期六、星期日,06:00:00,23:59:59,"1. 置物櫃嚴禁寄放易腐、易燃及任何危險物品。
2. 置物櫃採計時收費，以1小時為單位，不滿1小時以1小時計。",臺北大眾捷運股份有限公司,商業發展處商管中心,萬洲通國際企業有限公司,02-26415379,https://www.metro.taipei/cp.aspx?n=074C9E96AEC24806,https://www.metro.taipei/cp.aspx?n=074C9E96AEC24806,https://www.metro.taipei/cp.aspx?n=074C9E96AEC24806,
南港,臺北市,南港區,忠孝東路7段380號,近出口2,40,75,60,收費,投幣、紙鈔 ,悠遊卡,LINE Pay、悠遊付、台灣Pay、橘子支付、微信支付、Pi拍錢包、歐付寶,20,每小時,2,星期一、星期二、星期三、星期四、星期五、星期六、星期日,06:00:00,23:59:59,"1. 置物櫃嚴禁寄放易腐、易燃及任何危險物品。
2. 置物櫃採計時收費，以1小時為單位，不滿1小時以1小時計。",臺北大眾捷運股份有限公司,商業發展處商管中心,萬洲通國際企業有限公司,02-26415379,https://www.metro.taipei/cp.aspx?n=074C9E96AEC24806,https://www.metro.taipei/cp.aspx?n=074C9E96AEC24806,https://www.metro.taipei/cp.aspx?n=074C9E96AEC24806,
南港,臺北市,南港區,忠孝東路7段380號,近出口2,40,34,60,收費,投幣、紙鈔 ,悠遊卡,LINE Pay、悠遊付、台灣Pay、橘子支付、微信支付、Pi拍錢包、歐付寶,10,每小時,8,星期一、星期二、星期三、星期四、星期五、星期六、星期日,06:00:00,23:59:59,"1. 置物櫃嚴禁寄放易腐、易燃及任何危險物品。
2. 置物櫃採計時收費，以1小時為單位，不滿1小時以1小時計。",臺北大眾捷運股份有限公司,商業發展處商管中心,萬洲通國際企業有限公司,02-26415379,https://www.metro.taipei/cp.aspx?n=074C9E96AEC24806,https://www.metro.taipei/cp.aspx?n=074C9E96AEC24806,https://www.metro.taipei/cp.aspx?n=074C9E96AEC24806,
台北小巨蛋,臺北市,松山區,南京東路4段10之1號,近出口2,40,75,60,收費,投幣、紙鈔 ,悠遊卡,LINE Pay、悠遊付、台灣Pay、橘子支付、微信支付、Pi拍錢包、歐付寶,20,每小時,2,星期一、星期二、星期三、星期四、星期五、星期六、星期日,06:00:00,23:59:59,"1. 置物櫃嚴禁寄放易腐、易燃及任何危險物品。
2. 置物櫃採計時收費，以1小時為單位，不滿1小時以1小時計。",臺北大眾捷運股份有限公司,商業發展處商管中心,萬洲通國際企業有限公司,02-26415379,https://www.metro.taipei/cp.aspx?n=074C9E96AEC24806,https://www.metro.taipei/cp.aspx?n=074C9E96AEC24806,https://www.metro.taipei/cp.aspx?n=074C9E96AEC24806,
台北小巨蛋,臺北市,松山區,南京東路4段10之1號,近出口2,40,34,60,收費,投幣、紙鈔 ,悠遊卡,LINE Pay、悠遊付、台灣Pay、橘子支付、微信支付、Pi拍錢包、歐付寶,10,每小時,8,星期一、星期二、星期三、星期四、星期五、星期六、星期日,06:00:00,23:59:59,"1. 置物櫃嚴禁寄放易腐、易燃及任何危險物品。
2. 置物櫃採計時收費，以1小時為單位，不滿1小時以1小時計。",臺北大眾捷運股份有限公司,商業發展處商管中心,萬洲通國際企業有限公司,02-26415379,https://www.metro.taipei/cp.aspx?n=074C9E96AEC24806,https://www.metro.taipei/cp.aspx?n=074C9E96AEC24806,https://www.metro.taipei/cp.aspx?n=074C9E96AEC24806,
輔大,新北市,新莊區,中正路510之1號B1,近出口2,40,75,60,收費,投幣、紙鈔 ,悠遊卡,LINE Pay、悠遊付、台灣Pay、橘子支付、微信支付、Pi拍錢包、歐付寶,20,每小時,2,星期一、星期二、星期三、星期四、星期五、星期六、星期日,06:00:00,23:59:59,"1. 置物櫃嚴禁寄放易腐、易燃及任何危險物品。
2. 置物櫃採計時收費，以1小時為單位，不滿1小時以1小時計。",臺北大眾捷運股份有限公司,商業發展處商管中心,萬洲通國際企業有限公司,02-26415379,https://www.metro.taipei/cp.aspx?n=074C9E96AEC24806,https://www.metro.taipei/cp.aspx?n=074C9E96AEC24806,https://www.metro.taipei/cp.aspx?n=074C9E96AEC24806,
輔大,新北市,新莊區,中正路510之1號B1,近出口2,40,34,60,收費,投幣、紙鈔 ,悠遊卡,LINE Pay、悠遊付、台灣Pay、橘子支付、微信支付、Pi拍錢包、歐付寶,10,每小時,8,星期一、星期二、星期三、星期四、星期五、星期六、星期日,06:00:00,23:59:59,"1. 置物櫃嚴禁寄放易腐、易燃及任何危險物品。
2. 置物櫃採計時收費，以1小時為單位，不滿1小時以1小時計。",臺北大眾捷運股份有限公司,商業發展處商管中心,萬洲通國際企業有限公司,02-26415379,https://www.metro.taipei/cp.aspx?n=074C9E96AEC24806,https://www.metro.taipei/cp.aspx?n=074C9E96AEC24806,https://www.metro.taipei/cp.aspx?n=074C9E96AEC24806,
新莊,新北市,新莊區,中正路138號B1,近出口2,40,75,60,收費,投幣、紙鈔 ,悠遊卡,LINE Pay、悠遊付、台灣Pay、橘子支付、微信支付、Pi拍錢包、歐付寶,20,每小時,2,星期一、星期二、星期三、星期四、星期五、星期六、星期日,06:00:00,23:59:59,"1. 置物櫃嚴禁寄放易腐、易燃及任何危險物品。
2. 置物櫃採計時收費，以1小時為單位，不滿1小時以1小時計。",臺北大眾捷運股份有限公司,商業發展處商管中心,萬洲通國際企業有限公司,02-26415379,https://www.metro.taipei/cp.aspx?n=074C9E96AEC24806,https://www.metro.taipei/cp.aspx?n=074C9E96AEC24806,https://www.metro.taipei/cp.aspx?n=074C9E96AEC24806,
新莊,新北市,新莊區,中正路138號B1,近出口2,40,34,60,收費,投幣、紙鈔 ,悠遊卡,LINE Pay、悠遊付、台灣Pay、橘子支付、微信支付、Pi拍錢包、歐付寶,10,每小時,8,星期一、星期二、星期三、星期四、星期五、星期六、星期日,06:00:00,23:59:59,"1. 置物櫃嚴禁寄放易腐、易燃及任何危險物品。
2. 置物櫃採計時收費，以1小時為單位，不滿1小時以1小時計。",臺北大眾捷運股份有限公司,商業發展處商管中心,萬洲通國際企業有限公司,02-26415379,https://www.metro.taipei/cp.aspx?n=074C9E96AEC24806,https://www.metro.taipei/cp.aspx?n=074C9E96AEC24806,https://www.metro.taipei/cp.aspx?n=074C9E96AEC24806,
頭前庄,新北市,新莊區,思源路18號B1,近出口2,40,75,60,收費,投幣、紙鈔 ,悠遊卡,LINE Pay、悠遊付、台灣Pay、橘子支付、微信支付、Pi拍錢包、歐付寶,20,每小時,2,星期一、星期二、星期三、星期四、星期五、星期六、星期日,06:00:00,23:59:59,"1. 置物櫃嚴禁寄放易腐、易燃及任何危險物品。
2. 置物櫃採計時收費，以1小時為單位，不滿1小時以1小時計。",臺北大眾捷運股份有限公司,商業發展處商管中心,萬洲通國際企業有限公司,02-26415379,https://www.metro.taipei/cp.aspx?n=074C9E96AEC24806,https://www.metro.taipei/cp.aspx?n=074C9E96AEC24806,https://www.metro.taipei/cp.aspx?n=074C9E96AEC24806,
頭前庄,新北市,新莊區,思源路18號B1,近出口2,40,34,60,收費,投幣、紙鈔 ,悠遊卡,LINE Pay、悠遊付、台灣Pay、橘子支付、微信支付、Pi拍錢包、歐付寶,10,每小時,8,星期一、星期二、星期三、星期四、星期五、星期六、星期日,06:00:00,23:59:59,"1. 置物櫃嚴禁寄放易腐、易燃及任何危險物品。
2. 置物櫃採計時收費，以1小時為單位，不滿1小時以1小時計。",臺北大眾捷運股份有限公司,商業發展處商管中心,萬洲通國際企業有限公司,02-26415379,https://www.metro.taipei/cp.aspx?n=074C9E96AEC24806,https://www.metro.taipei/cp.aspx?n=074C9E96AEC24806,https://www.metro.taipei/cp.aspx?n=074C9E96AEC24806,
三民高中,新北市,蘆洲區,三民路105號B1,近出口2,40,75,60,收費,投幣、紙鈔 ,悠遊卡,LINE Pay、悠遊付、台灣Pay、橘子支付、微信支付、Pi拍錢包、歐付寶,20,每小時,2,星期一、星期二、星期三、星期四、星期五、星期六、星期日,06:00:00,23:59:59,"1. 置物櫃嚴禁寄放易腐、易燃及任何危險物品。
2. 置物櫃採計時收費，以1小時為單位，不滿1小時以1小時計。",臺北大眾捷運股份有限公司,商業發展處商管中心,萬洲通國際企業有限公司,02-26415379,https://www.metro.taipei/cp.aspx?n=074C9E96AEC24806,https://www.metro.taipei/cp.aspx?n=074C9E96AEC24806,https://www.metro.taipei/cp.aspx?n=074C9E96AEC24806,
三民高中,新北市,蘆洲區,三民路105號B1,近出口2,40,34,60,收費,投幣、紙鈔 ,悠遊卡,LINE Pay、悠遊付、台灣Pay、橘子支付、微信支付、Pi拍錢包、歐付寶,10,每小時,8,星期一、星期二、星期三、星期四、星期五、星期六、星期日,06:00:00,23:59:59,"1. 置物櫃嚴禁寄放易腐、易燃及任何危險物品。
2. 置物櫃採計時收費，以1小時為單位，不滿1小時以1小時計。",臺北大眾捷運股份有限公司,商業發展處商管中心,萬洲通國際企業有限公司,02-26415379,https://www.metro.taipei/cp.aspx?n=074C9E96AEC24806,https://www.metro.taipei/cp.aspx?n=074C9E96AEC24806,https://www.metro.taipei/cp.aspx?n=074C9E96AEC24806,
徐匯中學,新北市,蘆洲區,中山一路3號B1,近出口2,40,75,60,收費,投幣、紙鈔 ,悠遊卡,LINE Pay、悠遊付、台灣Pay、橘子支付、微信支付、Pi拍錢包、歐付寶,20,每小時,2,星期一、星期二、星期三、星期四、星期五、星期六、星期日,06:00:00,23:59:59,"1. 置物櫃嚴禁寄放易腐、易燃及任何危險物品。
2. 置物櫃採計時收費，以1小時為單位，不滿1小時以1小時計。",臺北大眾捷運股份有限公司,商業發展處商管中心,萬洲通國際企業有限公司,02-26415379,https://www.metro.taipei/cp.aspx?n=074C9E96AEC24806,https://www.metro.taipei/cp.aspx?n=074C9E96AEC24806,https://www.metro.taipei/cp.aspx?n=074C9E96AEC24806,
徐匯中學,新北市,蘆洲區,中山一路3號B1,近出口2,40,34,60,收費,投幣、紙鈔 ,悠遊卡,LINE Pay、悠遊付、台灣Pay、橘子支付、微信支付、Pi拍錢包、歐付寶,10,每小時,8,星期一、星期二、星期三、星期四、星期五、星期六、星期日,06:00:00,23:59:59,"1. 置物櫃嚴禁寄放易腐、易燃及任何危險物品。
2. 置物櫃採計時收費，以1小時為單位，不滿1小時以1小時計。",臺北大眾捷運股份有限公司,商業發展處商管中心,萬洲通國際企業有限公司,02-26415379,https://www.metro.taipei/cp.aspx?n=074C9E96AEC24806,https://www.metro.taipei/cp.aspx?n=074C9E96AEC24806,https://www.metro.taipei/cp.aspx?n=074C9E96AEC24806,
三和國中,新北市,三重區,三和路4段107號B1,近出口2,40,75,60,收費,投幣、紙鈔 ,悠遊卡,LINE Pay、悠遊付、台灣Pay、橘子支付、微信支付、Pi拍錢包、歐付寶,20,每小時,2,星期一、星期二、星期三、星期四、星期五、星期六、星期日,06:00:00,23:59:59,"1. 置物櫃嚴禁寄放易腐、易燃及任何危險物品。
2. 置物櫃採計時收費，以1小時為單位，不滿1小時以1小時計。",臺北大眾捷運股份有限公司,商業發展處商管中心,萬洲通國際企業有限公司,02-26415379,https://www.metro.taipei/cp.aspx?n=074C9E96AEC24806,https://www.metro.taipei/cp.aspx?n=074C9E96AEC24806,https://www.metro.taipei/cp.aspx?n=074C9E96AEC24806,
三和國中,新北市,三重區,三和路4段107號B1,近出口2,40,34,60,收費,投幣、紙鈔 ,悠遊卡,LINE Pay、悠遊付、台灣Pay、橘子支付、微信支付、Pi拍錢包、歐付寶,10,每小時,8,星期一、星期二、星期三、星期四、星期五、星期六、星期日,06:00:00,23:59:59,"1. 置物櫃嚴禁寄放易腐、易燃及任何危險物品。
2. 置物櫃採計時收費，以1小時為單位，不滿1小時以1小時計。",臺北大眾捷運股份有限公司,商業發展處商管中心,萬洲通國際企業有限公司,02-26415379,https://www.metro.taipei/cp.aspx?n=074C9E96AEC24806,https://www.metro.taipei/cp.aspx?n=074C9E96AEC24806,https://www.metro.taipei/cp.aspx?n=074C9E96AEC24806,
東湖,臺北市,內湖區,康寧路3段235號,近出口3,40,75,60,收費,投幣、紙鈔 ,悠遊卡,LINE Pay、悠遊付、台灣Pay、橘子支付、微信支付、Pi拍錢包、歐付寶,20,每小時,2,星期一、星期二、星期三、星期四、星期五、星期六、星期日,00:00:00,23:59:59,"1. 置物櫃嚴禁寄放易腐、易燃及任何危險物品。
2. 置物櫃採計時收費，以1小時為單位，不滿1小時以1小時計。",臺北大眾捷運股份有限公司,商業發展處商管中心,萬洲通國際企業有限公司,02-26415379,https://www.metro.taipei/cp.aspx?n=074C9E96AEC24806,https://www.metro.taipei/cp.aspx?n=074C9E96AEC24806,https://www.metro.taipei/cp.aspx?n=074C9E96AEC24806,
東湖,臺北市,內湖區,康寧路3段235號,近出口3,40,34,60,收費,投幣、紙鈔 ,悠遊卡,LINE Pay、悠遊付、台灣Pay、橘子支付、微信支付、Pi拍錢包、歐付寶,10,每小時,8,星期一、星期二、星期三、星期四、星期五、星期六、星期日,00:00:00,23:59:59,"1. 置物櫃嚴禁寄放易腐、易燃及任何危險物品。
2. 置物櫃採計時收費，以1小時為單位，不滿1小時以1小時計。",臺北大眾捷運股份有限公司,商業發展處商管中心,萬洲通國際企業有限公司,02-26415379,https://www.metro.taipei/cp.aspx?n=074C9E96AEC24806,https://www.metro.taipei/cp.aspx?n=074C9E96AEC24806,https://www.metro.taipei/cp.aspx?n=074C9E96AEC24806,
亞東醫院,新北市,板橋區,南雅南路2段17號B1,近出口3,40,75,60,收費,投幣、紙鈔 ,悠遊卡,LINE Pay、悠遊付、台灣Pay、橘子支付、微信支付、Pi拍錢包、歐付寶,20,每小時,2,星期一、星期二、星期三、星期四、星期五、星期六、星期日,00:00:00,23:59:59,"1. 置物櫃嚴禁寄放易腐、易燃及任何危險物品。
2. 置物櫃採計時收費，以1小時為單位，不滿1小時以1小時計。",臺北大眾捷運股份有限公司,商業發展處商管中心,萬洲通國際企業有限公司,02-26415379,https://www.metro.taipei/cp.aspx?n=074C9E96AEC24806,https://www.metro.taipei/cp.aspx?n=074C9E96AEC24806,https://www.metro.taipei/cp.aspx?n=074C9E96AEC24806,
亞東醫院,新北市,板橋區,南雅南路2段17號B1,近出口3,40,34,60,收費,投幣、紙鈔 ,悠遊卡,LINE Pay、悠遊付、台灣Pay、橘子支付、微信支付、Pi拍錢包、歐付寶,10,每小時,8,星期一、星期二、星期三、星期四、星期五、星期六、星期日,00:00:00,23:59:59,"1. 置物櫃嚴禁寄放易腐、易燃及任何危險物品。
2. 置物櫃採計時收費，以1小時為單位，不滿1小時以1小時計。",臺北大眾捷運股份有限公司,商業發展處商管中心,萬洲通國際企業有限公司,02-26415379,https://www.metro.taipei/cp.aspx?n=074C9E96AEC24806,https://www.metro.taipei/cp.aspx?n=074C9E96AEC24806,https://www.metro.taipei/cp.aspx?n=074C9E96AEC24806,
江子翠,新北市,板橋區,文化路2段296號B1,近出口3,40,75,60,收費,投幣、紙鈔 ,悠遊卡,LINE Pay、悠遊付、台灣Pay、橘子支付、微信支付、Pi拍錢包、歐付寶,20,每小時,2,星期一、星期二、星期三、星期四、星期五、星期六、星期日,00:00:00,23:59:59,"1. 置物櫃嚴禁寄放易腐、易燃及任何危險物品。
2. 置物櫃採計時收費，以1小時為單位，不滿1小時以1小時計。",臺北大眾捷運股份有限公司,商業發展處商管中心,萬洲通國際企業有限公司,02-26415379,https://www.metro.taipei/cp.aspx?n=074C9E96AEC24806,https://www.metro.taipei/cp.aspx?n=074C9E96AEC24806,https://www.metro.taipei/cp.aspx?n=074C9E96AEC24806,
江子翠,新北市,板橋區,文化路2段296號B1,近出口3,40,34,60,收費,投幣、紙鈔 ,悠遊卡,LINE Pay、悠遊付、台灣Pay、橘子支付、微信支付、Pi拍錢包、歐付寶,10,每小時,8,星期一、星期二、星期三、星期四、星期五、星期六、星期日,00:00:00,23:59:59,"1. 置物櫃嚴禁寄放易腐、易燃及任何危險物品。
2. 置物櫃採計時收費，以1小時為單位，不滿1小時以1小時計。",臺北大眾捷運股份有限公司,商業發展處商管中心,萬洲通國際企業有限公司,02-26415379,https://www.metro.taipei/cp.aspx?n=074C9E96AEC24806,https://www.metro.taipei/cp.aspx?n=074C9E96AEC24806,https://www.metro.taipei/cp.aspx?n=074C9E96AEC24806,
先嗇宮,新北市,三重區,重新路5段515號B1,近出口3,40,34,60,收費,投幣、紙鈔 ,悠遊卡,LINE Pay、悠遊付、台灣Pay、橘子支付、微信支付、Pi拍錢包、歐付寶,10,每小時,12,星期一、星期二、星期三、星期四、星期五、星期六、星期日,00:00:00,23:59:59,"1. 置物櫃嚴禁寄放易腐、易燃及任何危險物品。
2. 置物櫃採計時收費，以1小時為單位，不滿1小時以1小時計。",臺北大眾捷運股份有限公司,商業發展處商管中心,萬洲通國際企業有限公司,02-26415379,https://www.metro.taipei/cp.aspx?n=074C9E96AEC24806,https://www.metro.taipei/cp.aspx?n=074C9E96AEC24806,https://www.metro.taipei/cp.aspx?n=074C9E96AEC24806,
迴龍,新北市,新莊區,中正路758號B1,近出口3,40,75,60,收費,投幣、紙鈔 ,悠遊卡,LINE Pay、悠遊付、台灣Pay、橘子支付、微信支付、Pi拍錢包、歐付寶,20,每小時,2,星期一、星期二、星期三、星期四、星期五、星期六、星期日,06:00:00,23:59:59,"1. 置物櫃嚴禁寄放易腐、易燃及任何危險物品。
2. 置物櫃採計時收費，以1小時為單位，不滿1小時以1小時計。",臺北大眾捷運股份有限公司,商業發展處商管中心,萬洲通國際企業有限公司,02-26415379,https://www.metro.taipei/cp.aspx?n=074C9E96AEC24806,https://www.metro.taipei/cp.aspx?n=074C9E96AEC24806,https://www.metro.taipei/cp.aspx?n=074C9E96AEC24806,
迴龍,新北市,新莊區,中正路758號B1,近出口3,40,34,60,收費,投幣、紙鈔 ,悠遊卡,LINE Pay、悠遊付、台灣Pay、橘子支付、微信支付、Pi拍錢包、歐付寶,10,每小時,8,星期一、星期二、星期三、星期四、星期五、星期六、星期日,06:00:00,23:59:59,"1. 置物櫃嚴禁寄放易腐、易燃及任何危險物品。
2. 置物櫃採計時收費，以1小時為單位，不滿1小時以1小時計。",臺北大眾捷運股份有限公司,商業發展處商管中心,萬洲通國際企業有限公司,02-26415379,https://www.metro.taipei/cp.aspx?n=074C9E96AEC24806,https://www.metro.taipei/cp.aspx?n=074C9E96AEC24806,https://www.metro.taipei/cp.aspx?n=074C9E96AEC24806,
小南門,臺北市,中正區,愛國西路22號B1,近出口3/4,40,75,60,收費,投幣、紙鈔 ,悠遊卡,LINE Pay、悠遊付、台灣Pay、橘子支付、微信支付、Pi拍錢包、歐付寶,20,每小時,2,星期一、星期二、星期三、星期四、星期五、星期六、星期日,06:00:00,23:59:59,"1. 置物櫃嚴禁寄放易腐、易燃及任何危險物品。
2. 置物櫃採計時收費，以1小時為單位，不滿1小時以1小時計。",臺北大眾捷運股份有限公司,商業發展處商管中心,萬洲通國際企業有限公司,02-26415379,https://www.metro.taipei/cp.aspx?n=074C9E96AEC24806,https://www.metro.taipei/cp.aspx?n=074C9E96AEC24806,https://www.metro.taipei/cp.aspx?n=074C9E96AEC24806,
小南門,臺北市,中正區,愛國西路22號B1,近出口3/4,40,34,60,收費,投幣、紙鈔 ,悠遊卡,LINE Pay、悠遊付、台灣Pay、橘子支付、微信支付、Pi拍錢包、歐付寶,10,每小時,8,星期一、星期二、星期三、星期四、星期五、星期六、星期日,06:00:00,23:59:59,"1. 置物櫃嚴禁寄放易腐、易燃及任何危險物品。
2. 置物櫃採計時收費，以1小時為單位，不滿1小時以1小時計。",臺北大眾捷運股份有限公司,商業發展處商管中心,萬洲通國際企業有限公司,02-26415379,https://www.metro.taipei/cp.aspx?n=074C9E96AEC24806,https://www.metro.taipei/cp.aspx?n=074C9E96AEC24806,https://www.metro.taipei/cp.aspx?n=074C9E96AEC24806,
萬隆,臺北市,文山區,羅斯福路5段214號,近出口4,40,75,60,收費,投幣、紙鈔 ,悠遊卡,LINE Pay、悠遊付、台灣Pay、橘子支付、微信支付、Pi拍錢包、歐付寶,20,每小時,2,星期一、星期二、星期三、星期四、星期五、星期六、星期日,06:00:00,23:59:59,"1. 置物櫃嚴禁寄放易腐、易燃及任何危險物品。
2. 置物櫃採計時收費，以1小時為單位，不滿1小時以1小時計。",臺北大眾捷運股份有限公司,商業發展處商管中心,萬洲通國際企業有限公司,02-26415379,https://www.metro.taipei/cp.aspx?n=074C9E96AEC24806,https://www.metro.taipei/cp.aspx?n=074C9E96AEC24806,https://www.metro.taipei/cp.aspx?n=074C9E96AEC24806,
萬隆,臺北市,文山區,羅斯福路5段214號,近出口4,40,34,60,收費,投幣、紙鈔 ,悠遊卡,LINE Pay、悠遊付、台灣Pay、橘子支付、微信支付、Pi拍錢包、歐付寶,10,每小時,8,星期一、星期二、星期三、星期四、星期五、星期六、星期日,06:00:00,23:59:59,"1. 置物櫃嚴禁寄放易腐、易燃及任何危險物品。
2. 置物櫃採計時收費，以1小時為單位，不滿1小時以1小時計。",臺北大眾捷運股份有限公司,商業發展處商管中心,萬洲通國際企業有限公司,02-26415379,https://www.metro.taipei/cp.aspx?n=074C9E96AEC24806,https://www.metro.taipei/cp.aspx?n=074C9E96AEC24806,https://www.metro.taipei/cp.aspx?n=074C9E96AEC24806,
古亭,臺北市,中正區,羅斯福路2段164之1號B1,近出口4,40,75,60,收費,投幣、紙鈔 ,悠遊卡,LINE Pay、悠遊付、台灣Pay、橘子支付、微信支付、Pi拍錢包、歐付寶,20,每小時,2,星期一、星期二、星期三、星期四、星期五、星期六、星期日,06:00:00,23:59:59,"1. 置物櫃嚴禁寄放易腐、易燃及任何危險物品。
2. 置物櫃採計時收費，以1小時為單位，不滿1小時以1小時計。",臺北大眾捷運股份有限公司,商業發展處商管中心,萬洲通國際企業有限公司,02-26415379,https://www.metro.taipei/cp.aspx?n=074C9E96AEC24806,https://www.metro.taipei/cp.aspx?n=074C9E96AEC24806,https://www.metro.taipei/cp.aspx?n=074C9E96AEC24806,
古亭,臺北市,中正區,羅斯福路2段164之1號B1,近出口4,40,34,60,收費,投幣、紙鈔 ,悠遊卡,LINE Pay、悠遊付、台灣Pay、橘子支付、微信支付、Pi拍錢包、歐付寶,10,每小時,8,星期一、星期二、星期三、星期四、星期五、星期六、星期日,06:00:00,23:59:59,"1. 置物櫃嚴禁寄放易腐、易燃及任何危險物品。
2. 置物櫃採計時收費，以1小時為單位，不滿1小時以1小時計。",臺北大眾捷運股份有限公司,商業發展處商管中心,萬洲通國際企業有限公司,02-26415379,https://www.metro.taipei/cp.aspx?n=074C9E96AEC24806,https://www.metro.taipei/cp.aspx?n=074C9E96AEC24806,https://www.metro.taipei/cp.aspx?n=074C9E96AEC24806,
台大醫院,臺北市,中正區,公園路52號B1,近出口4,40,75,60,收費,投幣、紙鈔 ,悠遊卡,LINE Pay、悠遊付、台灣Pay、橘子支付、微信支付、Pi拍錢包、歐付寶,20,每小時,2,星期一、星期二、星期三、星期四、星期五、星期六、星期日,06:00:00,23:59:59,"1. 置物櫃嚴禁寄放易腐、易燃及任何危險物品。
2. 置物櫃採計時收費，以1小時為單位，不滿1小時以1小時計。",臺北大眾捷運股份有限公司,商業發展處商管中心,萬洲通國際企業有限公司,02-26415379,https://www.metro.taipei/cp.aspx?n=074C9E96AEC24806,https://www.metro.taipei/cp.aspx?n=074C9E96AEC24806,https://www.metro.taipei/cp.aspx?n=074C9E96AEC24806,
台大醫院,臺北市,中正區,公園路52號B1,近出口4,40,34,60,收費,投幣、紙鈔 ,悠遊卡,LINE Pay、悠遊付、台灣Pay、橘子支付、微信支付、Pi拍錢包、歐付寶,10,每小時,8,星期一、星期二、星期三、星期四、星期五、星期六、星期日,06:00:00,23:59:59,"1. 置物櫃嚴禁寄放易腐、易燃及任何危險物品。
2. 置物櫃採計時收費，以1小時為單位，不滿1小時以1小時計。",臺北大眾捷運股份有限公司,商業發展處商管中心,萬洲通國際企業有限公司,02-26415379,https://www.metro.taipei/cp.aspx?n=074C9E96AEC24806,https://www.metro.taipei/cp.aspx?n=074C9E96AEC24806,https://www.metro.taipei/cp.aspx?n=074C9E96AEC24806,
頂埔,新北市,土城區,中央路4段51之6號B3,近出口4,40,75,60,收費,投幣、紙鈔 ,悠遊卡,LINE Pay、悠遊付、台灣Pay、橘子支付、微信支付、Pi拍錢包、歐付寶,20,每小時,2,星期一、星期二、星期三、星期四、星期五、星期六、星期日,06:00:00,23:59:59,"1. 置物櫃嚴禁寄放易腐、易燃及任何危險物品。
2. 置物櫃採計時收費，以1小時為單位，不滿1小時以1小時計。",臺北大眾捷運股份有限公司,商業發展處商管中心,萬洲通國際企業有限公司,02-26415379,https://www.metro.taipei/cp.aspx?n=074C9E96AEC24806,https://www.metro.taipei/cp.aspx?n=074C9E96AEC24806,https://www.metro.taipei/cp.aspx?n=074C9E96AEC24806,
頂埔,新北市,土城區,中央路4段51之6號B3,近出口4,40,34,60,收費,投幣、紙鈔 ,悠遊卡,LINE Pay、悠遊付、台灣Pay、橘子支付、微信支付、Pi拍錢包、歐付寶,10,每小時,8,星期一、星期二、星期三、星期四、星期五、星期六、星期日,06:00:00,23:59:59,"1. 置物櫃嚴禁寄放易腐、易燃及任何危險物品。
2. 置物櫃採計時收費，以1小時為單位，不滿1小時以1小時計。",臺北大眾捷運股份有限公司,商業發展處商管中心,萬洲通國際企業有限公司,02-26415379,https://www.metro.taipei/cp.aspx?n=074C9E96AEC24806,https://www.metro.taipei/cp.aspx?n=074C9E96AEC24806,https://www.metro.taipei/cp.aspx?n=074C9E96AEC24806,
忠孝新生,臺北市,大安區,新生南路1段67號,近出口4,40,88,60,收費,投幣、紙鈔 ,悠遊卡,LINE Pay、悠遊付、台灣Pay、橘子支付、微信支付、Pi拍錢包、歐付寶,20,每小時,4,星期一、星期二、星期三、星期四、星期五、星期六、星期日,06:00:00,23:59:59,"1. 置物櫃嚴禁寄放易腐、易燃及任何危險物品。
2. 置物櫃採計時收費，以1小時為單位，不滿1小時以1小時計。",臺北大眾捷運股份有限公司,商業發展處商管中心,萬洲通國際企業有限公司,02-26415379,https://www.metro.taipei/cp.aspx?n=074C9E96AEC24806,https://www.metro.taipei/cp.aspx?n=074C9E96AEC24806,https://www.metro.taipei/cp.aspx?n=074C9E96AEC24806,
忠孝新生,臺北市,大安區,新生南路1段67號,近出口4,40,75,60,收費,投幣、紙鈔 ,悠遊卡,LINE Pay、悠遊付、台灣Pay、橘子支付、微信支付、Pi拍錢包、歐付寶,20,每小時,4,星期一、星期二、星期三、星期四、星期五、星期六、星期日,06:00:00,23:59:59,"1. 置物櫃嚴禁寄放易腐、易燃及任何危險物品。
2. 置物櫃採計時收費，以1小時為單位，不滿1小時以1小時計。",臺北大眾捷運股份有限公司,商業發展處商管中心,萬洲通國際企業有限公司,02-26415379,https://www.metro.taipei/cp.aspx?n=074C9E96AEC24806,https://www.metro.taipei/cp.aspx?n=074C9E96AEC24806,https://www.metro.taipei/cp.aspx?n=074C9E96AEC24806,
忠孝新生,臺北市,大安區,新生南路1段67號,近出口4,40,34,60,收費,投幣、紙鈔 ,悠遊卡,LINE Pay、悠遊付、台灣Pay、橘子支付、微信支付、Pi拍錢包、歐付寶,10,每小時,14,星期一、星期二、星期三、星期四、星期五、星期六、星期日,06:00:00,23:59:59,"1. 置物櫃嚴禁寄放易腐、易燃及任何危險物品。
2. 置物櫃採計時收費，以1小時為單位，不滿1小時以1小時計。",臺北大眾捷運股份有限公司,商業發展處商管中心,萬洲通國際企業有限公司,02-26415379,https://www.metro.taipei/cp.aspx?n=074C9E96AEC24806,https://www.metro.taipei/cp.aspx?n=074C9E96AEC24806,https://www.metro.taipei/cp.aspx?n=074C9E96AEC24806,
市政府,臺北市,信義區,忠孝東路5段2號,近出口4,40,88,60,收費,投幣、紙鈔 ,悠遊卡,LINE Pay、悠遊付、台灣Pay、橘子支付、微信支付、Pi拍錢包、歐付寶,20,每小時,4,星期一、星期二、星期三、星期四、星期五、星期六、星期日,06:00:00,23:59:59,"1. 置物櫃嚴禁寄放易腐、易燃及任何危險物品。
2. 置物櫃採計時收費，以1小時為單位，不滿1小時以1小時計。",臺北大眾捷運股份有限公司,商業發展處商管中心,萬洲通國際企業有限公司,02-26415379,https://www.metro.taipei/cp.aspx?n=074C9E96AEC24806,https://www.metro.taipei/cp.aspx?n=074C9E96AEC24806,https://www.metro.taipei/cp.aspx?n=074C9E96AEC24806,
市政府,臺北市,信義區,忠孝東路5段2號,近出口4,40,75,60,收費,投幣、紙鈔 ,悠遊卡,LINE Pay、悠遊付、台灣Pay、橘子支付、微信支付、Pi拍錢包、歐付寶,20,每小時,4,星期一、星期二、星期三、星期四、星期五、星期六、星期日,06:00:00,23:59:59,"1. 置物櫃嚴禁寄放易腐、易燃及任何危險物品。
2. 置物櫃採計時收費，以1小時為單位，不滿1小時以1小時計。",臺北大眾捷運股份有限公司,商業發展處商管中心,萬洲通國際企業有限公司,02-26415379,https://www.metro.taipei/cp.aspx?n=074C9E96AEC24806,https://www.metro.taipei/cp.aspx?n=074C9E96AEC24806,https://www.metro.taipei/cp.aspx?n=074C9E96AEC24806,
市政府,臺北市,信義區,忠孝東路5段2號,近出口4,40,34,60,收費,投幣、紙鈔 ,悠遊卡,LINE Pay、悠遊付、台灣Pay、橘子支付、微信支付、Pi拍錢包、歐付寶,10,每小時,26,星期一、星期二、星期三、星期四、星期五、星期六、星期日,06:00:00,23:59:59,"1. 置物櫃嚴禁寄放易腐、易燃及任何危險物品。
2. 置物櫃採計時收費，以1小時為單位，不滿1小時以1小時計。",臺北大眾捷運股份有限公司,商業發展處商管中心,萬洲通國際企業有限公司,02-26415379,https://www.metro.taipei/cp.aspx?n=074C9E96AEC24806,https://www.metro.taipei/cp.aspx?n=074C9E96AEC24806,https://www.metro.taipei/cp.aspx?n=074C9E96AEC24806,
中山國小,臺北市,中山區,民權東路1段71號B1,近出口4,40,75,60,收費,投幣、紙鈔 ,悠遊卡,LINE Pay、悠遊付、台灣Pay、橘子支付、微信支付、Pi拍錢包、歐付寶,20,每小時,2,星期一、星期二、星期三、星期四、星期五、星期六、星期日,06:00:00,23:59:59,"1. 置物櫃嚴禁寄放易腐、易燃及任何危險物品。
2. 置物櫃採計時收費，以1小時為單位，不滿1小時以1小時計。",臺北大眾捷運股份有限公司,商業發展處商管中心,萬洲通國際企業有限公司,02-26415379,https://www.metro.taipei/cp.aspx?n=074C9E96AEC24806,https://www.metro.taipei/cp.aspx?n=074C9E96AEC24806,https://www.metro.taipei/cp.aspx?n=074C9E96AEC24806,
中山國小,臺北市,中山區,民權東路1段71號B1,近出口4,40,34,60,收費,投幣、紙鈔 ,悠遊卡,LINE Pay、悠遊付、台灣Pay、橘子支付、微信支付、Pi拍錢包、歐付寶,10,每小時,8,星期一、星期二、星期三、星期四、星期五、星期六、星期日,06:00:00,23:59:59,"1. 置物櫃嚴禁寄放易腐、易燃及任何危險物品。
2. 置物櫃採計時收費，以1小時為單位，不滿1小時以1小時計。",臺北大眾捷運股份有限公司,商業發展處商管中心,萬洲通國際企業有限公司,02-26415379,https://www.metro.taipei/cp.aspx?n=074C9E96AEC24806,https://www.metro.taipei/cp.aspx?n=074C9E96AEC24806,https://www.metro.taipei/cp.aspx?n=074C9E96AEC24806,
行天宮,臺北市,中山區,松江路316號B1,近出口4,40,75,60,收費,投幣、紙鈔 ,悠遊卡,LINE Pay、悠遊付、台灣Pay、橘子支付、微信支付、Pi拍錢包、歐付寶,20,每小時,2,星期一、星期二、星期三、星期四、星期五、星期六、星期日,06:00:00,23:59:59,"1. 置物櫃嚴禁寄放易腐、易燃及任何危險物品。
2. 置物櫃採計時收費，以1小時為單位，不滿1小時以1小時計。",臺北大眾捷運股份有限公司,商業發展處商管中心,萬洲通國際企業有限公司,02-26415379,https://www.metro.taipei/cp.aspx?n=074C9E96AEC24806,https://www.metro.taipei/cp.aspx?n=074C9E96AEC24806,https://www.metro.taipei/cp.aspx?n=074C9E96AEC24806,
行天宮,臺北市,中山區,松江路316號B1,近出口4,40,34,60,收費,投幣、紙鈔 ,悠遊卡,LINE Pay、悠遊付、台灣Pay、橘子支付、微信支付、Pi拍錢包、歐付寶,10,每小時,8,星期一、星期二、星期三、星期四、星期五、星期六、星期日,06:00:00,23:59:59,"1. 置物櫃嚴禁寄放易腐、易燃及任何危險物品。
2. 置物櫃採計時收費，以1小時為單位，不滿1小時以1小時計。",臺北大眾捷運股份有限公司,商業發展處商管中心,萬洲通國際企業有限公司,02-26415379,https://www.metro.taipei/cp.aspx?n=074C9E96AEC24806,https://www.metro.taipei/cp.aspx?n=074C9E96AEC24806,https://www.metro.taipei/cp.aspx?n=074C9E96AEC24806,
南京復興,臺北市,松山區,南京東路3段253號,近出口5,40,75,60,收費,投幣、紙鈔 ,悠遊卡,LINE Pay、悠遊付、台灣Pay、橘子支付、微信支付、Pi拍錢包、歐付寶,20,每小時,2,星期一、星期二、星期三、星期四、星期五、星期六、星期日,06:00:00,23:59:59,"1. 置物櫃嚴禁寄放易腐、易燃及任何危險物品。
2. 置物櫃採計時收費，以1小時為單位，不滿1小時以1小時計。",臺北大眾捷運股份有限公司,商業發展處商管中心,萬洲通國際企業有限公司,02-26415379,https://www.metro.taipei/cp.aspx?n=074C9E96AEC24806,https://www.metro.taipei/cp.aspx?n=074C9E96AEC24806,https://www.metro.taipei/cp.aspx?n=074C9E96AEC24806,
南京復興,臺北市,松山區,南京東路3段253號,近出口5,40,34,60,收費,投幣、紙鈔 ,悠遊卡,LINE Pay、悠遊付、台灣Pay、橘子支付、微信支付、Pi拍錢包、歐付寶,10,每小時,8,星期一、星期二、星期三、星期四、星期五、星期六、星期日,06:00:00,23:59:59,"1. 置物櫃嚴禁寄放易腐、易燃及任何危險物品。
2. 置物櫃採計時收費，以1小時為單位，不滿1小時以1小時計。",臺北大眾捷運股份有限公司,商業發展處商管中心,萬洲通國際企業有限公司,02-26415379,https://www.metro.taipei/cp.aspx?n=074C9E96AEC24806,https://www.metro.taipei/cp.aspx?n=074C9E96AEC24806,https://www.metro.taipei/cp.aspx?n=074C9E96AEC24806,
台電大樓,臺北市,中正區,羅斯福路3段126之5號B1,近出口5,40,75,60,收費,投幣、紙鈔 ,悠遊卡,LINE Pay、悠遊付、台灣Pay、橘子支付、微信支付、Pi拍錢包、歐付寶,20,每小時,2,星期一、星期二、星期三、星期四、星期五、星期六、星期日,06:00:00,23:59:59,"1. 置物櫃嚴禁寄放易腐、易燃及任何危險物品。
2. 置物櫃採計時收費，以1小時為單位，不滿1小時以1小時計。",臺北大眾捷運股份有限公司,商業發展處商管中心,萬洲通國際企業有限公司,02-26415379,https://www.metro.taipei/cp.aspx?n=074C9E96AEC24806,https://www.metro.taipei/cp.aspx?n=074C9E96AEC24806,https://www.metro.taipei/cp.aspx?n=074C9E96AEC24806,
台電大樓,臺北市,中正區,羅斯福路3段126之5號B1,近出口5,40,34,60,收費,投幣、紙鈔 ,悠遊卡,LINE Pay、悠遊付、台灣Pay、橘子支付、微信支付、Pi拍錢包、歐付寶,10,每小時,8,星期一、星期二、星期三、星期四、星期五、星期六、星期日,06:00:00,23:59:59,"1. 置物櫃嚴禁寄放易腐、易燃及任何危險物品。
2. 置物櫃採計時收費，以1小時為單位，不滿1小時以1小時計。",臺北大眾捷運股份有限公司,商業發展處商管中心,萬洲通國際企業有限公司,02-26415379,https://www.metro.taipei/cp.aspx?n=074C9E96AEC24806,https://www.metro.taipei/cp.aspx?n=074C9E96AEC24806,https://www.metro.taipei/cp.aspx?n=074C9E96AEC24806,
永春,臺北市,信義區,忠孝東路5段455號,近出口5,40,75,60,收費,投幣、紙鈔 ,悠遊卡,LINE Pay、悠遊付、台灣Pay、橘子支付、微信支付、Pi拍錢包、歐付寶,20,每小時,2,星期一、星期二、星期三、星期四、星期五、星期六、星期日,06:00:00,23:59:59,"1. 置物櫃嚴禁寄放易腐、易燃及任何危險物品。
2. 置物櫃採計時收費，以1小時為單位，不滿1小時以1小時計。",臺北大眾捷運股份有限公司,商業發展處商管中心,萬洲通國際企業有限公司,02-26415379,https://www.metro.taipei/cp.aspx?n=074C9E96AEC24806,https://www.metro.taipei/cp.aspx?n=074C9E96AEC24806,https://www.metro.taipei/cp.aspx?n=074C9E96AEC24806,
永春,臺北市,信義區,忠孝東路5段455號,近出口5,40,34,60,收費,投幣、紙鈔 ,悠遊卡,LINE Pay、悠遊付、台灣Pay、橘子支付、微信支付、Pi拍錢包、歐付寶,10,每小時,8,星期一、星期二、星期三、星期四、星期五、星期六、星期日,06:00:00,23:59:59,"1. 置物櫃嚴禁寄放易腐、易燃及任何危險物品。
2. 置物櫃採計時收費，以1小時為單位，不滿1小時以1小時計。",臺北大眾捷運股份有限公司,商業發展處商管中心,萬洲通國際企業有限公司,02-26415379,https://www.metro.taipei/cp.aspx?n=074C9E96AEC24806,https://www.metro.taipei/cp.aspx?n=074C9E96AEC24806,https://www.metro.taipei/cp.aspx?n=074C9E96AEC24806,
信義安和,臺北市,大安區,信義路4段212之1號B1,近出口5轉折平台,40,75,60,收費,投幣、紙鈔 ,悠遊卡,LINE Pay、悠遊付、台灣Pay、橘子支付、微信支付、Pi拍錢包、歐付寶,20,每小時,2,星期一、星期二、星期三、星期四、星期五、星期六、星期日,06:00:00,23:59:59,"1. 置物櫃嚴禁寄放易腐、易燃及任何危險物品。
2. 置物櫃採計時收費，以1小時為單位，不滿1小時以1小時計。",臺北大眾捷運股份有限公司,商業發展處商管中心,萬洲通國際企業有限公司,02-26415379,https://www.metro.taipei/cp.aspx?n=074C9E96AEC24806,https://www.metro.taipei/cp.aspx?n=074C9E96AEC24806,https://www.metro.taipei/cp.aspx?n=074C9E96AEC24806,
信義安和,臺北市,大安區,信義路4段212之1號B1,近出口5轉折平台,40,34,60,收費,投幣、紙鈔 ,悠遊卡,LINE Pay、悠遊付、台灣Pay、橘子支付、微信支付、Pi拍錢包、歐付寶,10,每小時,8,星期一、星期二、星期三、星期四、星期五、星期六、星期日,06:00:00,23:59:59,"1. 置物櫃嚴禁寄放易腐、易燃及任何危險物品。
2. 置物櫃採計時收費，以1小時為單位，不滿1小時以1小時計。",臺北大眾捷運股份有限公司,商業發展處商管中心,萬洲通國際企業有限公司,02-26415379,https://www.metro.taipei/cp.aspx?n=074C9E96AEC24806,https://www.metro.taipei/cp.aspx?n=074C9E96AEC24806,https://www.metro.taipei/cp.aspx?n=074C9E96AEC24806,
松江南京,臺北市,中山區,松江路126號B1,近出口8,40,75,60,收費,投幣、紙鈔 ,悠遊卡,LINE Pay、悠遊付、台灣Pay、橘子支付、微信支付、Pi拍錢包、歐付寶,20,每小時,2,星期一、星期二、星期三、星期四、星期五、星期六、星期日,06:00:00,23:59:59,"1. 置物櫃嚴禁寄放易腐、易燃及任何危險物品。
2. 置物櫃採計時收費，以1小時為單位，不滿1小時以1小時計。",臺北大眾捷運股份有限公司,商業發展處商管中心,萬洲通國際企業有限公司,02-26415379,https://www.metro.taipei/cp.aspx?n=074C9E96AEC24806,https://www.metro.taipei/cp.aspx?n=074C9E96AEC24806,https://www.metro.taipei/cp.aspx?n=074C9E96AEC24806,
松江南京,臺北市,中山區,松江路126號B1,近出口8,40,34,60,收費,投幣、紙鈔 ,悠遊卡,LINE Pay、悠遊付、台灣Pay、橘子支付、微信支付、Pi拍錢包、歐付寶,10,每小時,8,星期一、星期二、星期三、星期四、星期五、星期六、星期日,06:00:00,23:59:59,"1. 置物櫃嚴禁寄放易腐、易燃及任何危險物品。
2. 置物櫃採計時收費，以1小時為單位，不滿1小時以1小時計。",臺北大眾捷運股份有限公司,商業發展處商管中心,萬洲通國際企業有限公司,02-26415379,https://www.metro.taipei/cp.aspx?n=074C9E96AEC24806,https://www.metro.taipei/cp.aspx?n=074C9E96AEC24806,https://www.metro.taipei/cp.aspx?n=074C9E96AEC24806,
松山機場,臺北市,松山區,敦化北路338號,近詢問處,40,75,60,收費,投幣、紙鈔 ,悠遊卡,LINE Pay、悠遊付、台灣Pay、橘子支付、微信支付、Pi拍錢包、歐付寶,20,每小時,2,星期一、星期二、星期三、星期四、星期五、星期六、星期日,06:00:00,23:59:59,"1. 置物櫃嚴禁寄放易腐、易燃及任何危險物品。
2. 置物櫃採計時收費，以1小時為單位，不滿1小時以1小時計。",臺北大眾捷運股份有限公司,商業發展處商管中心,萬洲通國際企業有限公司,02-26415379,https://www.metro.taipei/cp.aspx?n=074C9E96AEC24806,https://www.metro.taipei/cp.aspx?n=074C9E96AEC24806,https://www.metro.taipei/cp.aspx?n=074C9E96AEC24806,
松山機場,臺北市,松山區,敦化北路338號,近詢問處,40,34,60,收費,投幣、紙鈔 ,悠遊卡,LINE Pay、悠遊付、台灣Pay、橘子支付、微信支付、Pi拍錢包、歐付寶,10,每小時,8,星期一、星期二、星期三、星期四、星期五、星期六、星期日,06:00:00,23:59:59,"1. 置物櫃嚴禁寄放易腐、易燃及任何危險物品。
2. 置物櫃採計時收費，以1小時為單位，不滿1小時以1小時計。",臺北大眾捷運股份有限公司,商業發展處商管中心,萬洲通國際企業有限公司,02-26415379,https://www.metro.taipei/cp.aspx?n=074C9E96AEC24806,https://www.metro.taipei/cp.aspx?n=074C9E96AEC24806,https://www.metro.taipei/cp.aspx?n=074C9E96AEC24806,
